[{"model": "contenttypes.contenttype", "pk": 1, "fields": {"app_label": "social_django", "model": "association"}}, {"model": "contenttypes.contenttype", "pk": 2, "fields": {"app_label": "social_django", "model": "code"}}, {"model": "contenttypes.contenttype", "pk": 3, "fields": {"app_label": "social_django", "model": "nonce"}}, {"model": "contenttypes.contenttype", "pk": 4, "fields": {"app_label": "social_django", "model": "usersocialauth"}}, {"model": "contenttypes.contenttype", "pk": 5, "fields": {"app_label": "social_django", "model": "partial"}}, {"model": "contenttypes.contenttype", "pk": 6, "fields": {"app_label": "thumbnail", "model": "kvstore"}}, {"model": "contenttypes.contenttype", "pk": 7, "fields": {"app_label": "django_celery_beat", "model": "crontabschedule"}}, {"model": "contenttypes.contenttype", "pk": 8, "fields": {"app_label": "django_celery_beat", "model": "intervalschedule"}}, {"model": "contenttypes.contenttype", "pk": 9, "fields": {"app_label": "django_celery_beat", "model": "periodictask"}}, {"model": "contenttypes.contenttype", "pk": 10, "fields": {"app_label": "django_celery_beat", "model": "periodictasks"}}, {"model": "contenttypes.contenttype", "pk": 11, "fields": {"app_label": "django_celery_beat", "model": "solarschedule"}}, {"model": "contenttypes.contenttype", "pk": 12, "fields": {"app_label": "django_celery_results", "model": "taskresult"}}, {"model": "contenttypes.contenttype", "pk": 13, "fields": {"app_label": "star_ratings", "model": "rating"}}, {"model": "contenttypes.contenttype", "pk": 14, "fields": {"app_label": "star_ratings", "model": "userrating"}}, {"model": "contenttypes.contenttype", "pk": 15, "fields": {"app_label": "admin", "model": "logentry"}}, {"model": "contenttypes.contenttype", "pk": 16, "fields": {"app_label": "auth", "model": "permission"}}, {"model": "contenttypes.contenttype", "pk": 17, "fields": {"app_label": "auth", "model": "group"}}, {"model": "contenttypes.contenttype", "pk": 18, "fields": {"app_label": "contenttypes", "model": "contenttype"}}, {"model": "contenttypes.contenttype", "pk": 19, "fields": {"app_label": "sessions", "model": "session"}}, {"model": "contenttypes.contenttype", "pk": 20, "fields": {"app_label": "bracketline", "model": "bracketlineuser"}}, {"model": "contenttypes.contenttype", "pk": 21, "fields": {"app_label": "bracketline", "model": "countrymaster"}}, {"model": "contenttypes.contenttype", "pk": 22, "fields": {"app_label": "bracketline", "model": "groupbase"}}, {"model": "contenttypes.contenttype", "pk": 23, "fields": {"app_label": "bracketline", "model": "statemaster"}}, {"model": "contenttypes.contenttype", "pk": 24, "fields": {"app_label": "bracketline", "model": "uqc"}}, {"model": "contenttypes.contenttype", "pk": 25, "fields": {"app_label": "company", "model": "company"}}, {"model": "contenttypes.contenttype", "pk": 26, "fields": {"app_label": "company", "model": "organisation"}}, {"model": "contenttypes.contenttype", "pk": 27, "fields": {"app_label": "accounting_entry", "model": "bankreconciliation"}}, {"model": "contenttypes.contenttype", "pk": 28, "fields": {"app_label": "accounting_entry", "model": "contravoucher"}}, {"model": "contenttypes.contenttype", "pk": 29, "fields": {"app_label": "accounting_entry", "model": "contravoucherrows"}}, {"model": "contenttypes.contenttype", "pk": 30, "fields": {"app_label": "accounting_entry", "model": "journalvoucher"}}, {"model": "contenttypes.contenttype", "pk": 31, "fields": {"app_label": "accounting_entry", "model": "ledgergroup"}}, {"model": "contenttypes.contenttype", "pk": 32, "fields": {"app_label": "accounting_entry", "model": "ledgermaster"}}, {"model": "contenttypes.contenttype", "pk": 33, "fields": {"app_label": "accounting_entry", "model": "multijournalvoucher"}}, {"model": "contenttypes.contenttype", "pk": 34, "fields": {"app_label": "accounting_entry", "model": "multijournalvouchercrrows"}}, {"model": "contenttypes.contenttype", "pk": 35, "fields": {"app_label": "accounting_entry", "model": "multijournalvoucherdrrows"}}, {"model": "contenttypes.contenttype", "pk": 36, "fields": {"app_label": "accounting_entry", "model": "paymentvoucher"}}, {"model": "contenttypes.contenttype", "pk": 37, "fields": {"app_label": "accounting_entry", "model": "paymentvoucherrows"}}, {"model": "contenttypes.contenttype", "pk": 38, "fields": {"app_label": "accounting_entry", "model": "periodselected"}}, {"model": "contenttypes.contenttype", "pk": 39, "fields": {"app_label": "accounting_entry", "model": "receiptvoucher"}}, {"model": "contenttypes.contenttype", "pk": 40, "fields": {"app_label": "accounting_entry", "model": "receiptvoucherrows"}}, {"model": "contenttypes.contenttype", "pk": 41, "fields": {"app_label": "user_profile", "model": "achievement"}}, {"model": "contenttypes.contenttype", "pk": 42, "fields": {"app_label": "user_profile", "model": "post"}}, {"model": "contenttypes.contenttype", "pk": 43, "fields": {"app_label": "user_profile", "model": "postcomment"}}, {"model": "contenttypes.contenttype", "pk": 44, "fields": {"app_label": "user_profile", "model": "productactivated"}}, {"model": "contenttypes.contenttype", "pk": 45, "fields": {"app_label": "user_profile", "model": "professionalservices"}}, {"model": "contenttypes.contenttype", "pk": 46, "fields": {"app_label": "user_profile", "model": "professionalverify"}}, {"model": "contenttypes.contenttype", "pk": 47, "fields": {"app_label": "user_profile", "model": "profile"}}, {"model": "contenttypes.contenttype", "pk": 48, "fields": {"app_label": "user_profile", "model": "rolebasedproductactivated"}}, {"model": "contenttypes.contenttype", "pk": 49, "fields": {"app_label": "blog", "model": "blog"}}, {"model": "contenttypes.contenttype", "pk": 50, "fields": {"app_label": "blog", "model": "blogcategories"}}, {"model": "contenttypes.contenttype", "pk": 51, "fields": {"app_label": "blog", "model": "blogcomments"}}, {"model": "contenttypes.contenttype", "pk": 52, "fields": {"app_label": "consultancy", "model": "answer"}}, {"model": "contenttypes.contenttype", "pk": 53, "fields": {"app_label": "consultancy", "model": "consultancy"}}, {"model": "contenttypes.contenttype", "pk": 54, "fields": {"app_label": "stock_keeping", "model": "compoundunit"}}, {"model": "contenttypes.contenttype", "pk": 55, "fields": {"app_label": "stock_keeping", "model": "creditnotestock"}}, {"model": "contenttypes.contenttype", "pk": 56, "fields": {"app_label": "stock_keeping", "model": "creditnotetax"}}, {"model": "contenttypes.contenttype", "pk": 57, "fields": {"app_label": "stock_keeping", "model": "creditnoteterm"}}, {"model": "contenttypes.contenttype", "pk": 58, "fields": {"app_label": "stock_keeping", "model": "creditnotevoucher"}}, {"model": "contenttypes.contenttype", "pk": 59, "fields": {"app_label": "stock_keeping", "model": "debitnotestock"}}, {"model": "contenttypes.contenttype", "pk": 60, "fields": {"app_label": "stock_keeping", "model": "debitnotetax"}}, {"model": "contenttypes.contenttype", "pk": 61, "fields": {"app_label": "stock_keeping", "model": "debitnoteterm"}}, {"model": "contenttypes.contenttype", "pk": 62, "fields": {"app_label": "stock_keeping", "model": "debitnotevoucher"}}, {"model": "contenttypes.contenttype", "pk": 63, "fields": {"app_label": "stock_keeping", "model": "purchasestock"}}, {"model": "contenttypes.contenttype", "pk": 64, "fields": {"app_label": "stock_keeping", "model": "purchasetax"}}, {"model": "contenttypes.contenttype", "pk": 65, "fields": {"app_label": "stock_keeping", "model": "purchaseterm"}}, {"model": "contenttypes.contenttype", "pk": 66, "fields": {"app_label": "stock_keeping", "model": "purchasevoucher"}}, {"model": "contenttypes.contenttype", "pk": 67, "fields": {"app_label": "stock_keeping", "model": "salestock"}}, {"model": "contenttypes.contenttype", "pk": 68, "fields": {"app_label": "stock_keeping", "model": "saletax"}}, {"model": "contenttypes.contenttype", "pk": 69, "fields": {"app_label": "stock_keeping", "model": "saleterm"}}, {"model": "contenttypes.contenttype", "pk": 70, "fields": {"app_label": "stock_keeping", "model": "salevoucher"}}, {"model": "contenttypes.contenttype", "pk": 71, "fields": {"app_label": "stock_keeping", "model": "simpleunit"}}, {"model": "contenttypes.contenttype", "pk": 72, "fields": {"app_label": "stock_keeping", "model": "stockbalance"}}, {"model": "contenttypes.contenttype", "pk": 73, "fields": {"app_label": "stock_keeping", "model": "stockgroup"}}, {"model": "contenttypes.contenttype", "pk": 74, "fields": {"app_label": "stock_keeping", "model": "stockitem"}}, {"model": "contenttypes.contenttype", "pk": 75, "fields": {"app_label": "ecommerce_integration", "model": "api"}}, {"model": "contenttypes.contenttype", "pk": 76, "fields": {"app_label": "ecommerce_integration", "model": "coupon"}}, {"model": "contenttypes.contenttype", "pk": 77, "fields": {"app_label": "ecommerce_integration", "model": "product"}}, {"model": "contenttypes.contenttype", "pk": 78, "fields": {"app_label": "ecommerce_integration", "model": "productreview"}}, {"model": "contenttypes.contenttype", "pk": 79, "fields": {"app_label": "ecommerce_integration", "model": "rolebasedproduct"}}, {"model": "contenttypes.contenttype", "pk": 80, "fields": {"app_label": "ecommerce_integration", "model": "services"}}, {"model": "contenttypes.contenttype", "pk": 81, "fields": {"app_label": "ecommerce_cart", "model": "order"}}, {"model": "contenttypes.contenttype", "pk": 82, "fields": {"app_label": "ecommerce_cart", "model": "orderitem"}}, {"model": "contenttypes.contenttype", "pk": 83, "fields": {"app_label": "messaging", "model": "message"}}, {"model": "contenttypes.contenttype", "pk": 84, "fields": {"app_label": "aggrement", "model": "aggrement"}}, {"model": "contenttypes.contenttype", "pk": 85, "fields": {"app_label": "aggrement", "model": "useraggrements"}}, {"model": "contenttypes.contenttype", "pk": 86, "fields": {"app_label": "legal_database", "model": "cases"}}, {"model": "contenttypes.contenttype", "pk": 87, "fields": {"app_label": "legal_database", "model": "categories"}}, {"model": "contenttypes.contenttype", "pk": 88, "fields": {"app_label": "legal_database", "model": "centralbareact"}}, {"model": "contenttypes.contenttype", "pk": 89, "fields": {"app_label": "legal_database", "model": "chapter"}}, {"model": "contenttypes.contenttype", "pk": 90, "fields": {"app_label": "legal_database", "model": "notifications"}}, {"model": "contenttypes.contenttype", "pk": 91, "fields": {"app_label": "legal_database", "model": "order"}}, {"model": "contenttypes.contenttype", "pk": 92, "fields": {"app_label": "legal_database", "model": "section"}}, {"model": "contenttypes.contenttype", "pk": 93, "fields": {"app_label": "legal_database", "model": "statebareact"}}, {"model": "contenttypes.contenttype", "pk": 94, "fields": {"app_label": "legal_database", "model": "subsection"}}, {"model": "contenttypes.contenttype", "pk": 95, "fields": {"app_label": "help_support", "model": "articleanswers"}}, {"model": "contenttypes.contenttype", "pk": 96, "fields": {"app_label": "help_support", "model": "articlequestions"}}, {"model": "contenttypes.contenttype", "pk": 97, "fields": {"app_label": "help_support", "model": "articles"}}, {"model": "contenttypes.contenttype", "pk": 98, "fields": {"app_label": "help_support", "model": "helpcategory"}}, {"model": "contenttypes.contenttype", "pk": 99, "fields": {"app_label": "help_support", "model": "submitrequest"}}, {"model": "contenttypes.contenttype", "pk": 100, "fields": {"app_label": "income_tax_compute", "model": "incometax"}}, {"model": "contenttypes.contenttype", "pk": 101, "fields": {"app_label": "qr_code", "model": "employeemasterqr"}}, {"model": "contenttypes.contenttype", "pk": 102, "fields": {"app_label": "qr_code", "model": "stockmasterqr"}}, {"model": "contenttypes.contenttype", "pk": 103, "fields": {"app_label": "company", "model": "service"}}, {"model": "contenttypes.contenttype", "pk": 104, "fields": {"app_label": "company", "model": "portfolio"}}, {"model": "contenttypes.contenttype", "pk": 105, "fields": {"app_label": "company", "model": "teammember"}}, {"model": "contenttypes.contenttype", "pk": 106, "fields": {"app_label": "company", "model": "staticpage"}}, {"model": "contenttypes.contenttype", "pk": 107, "fields": {"app_label": "job", "model": "job"}}, {"model": "contenttypes.contenttype", "pk": 108, "fields": {"app_label": "job", "model": "resume"}}, {"model": "contenttypes.contenttype", "pk": 109, "fields": {"app_label": "accounts_mode_voucher", "model": "salevoucheraccounts"}}, {"model": "contenttypes.contenttype", "pk": 110, "fields": {"app_label": "accounts_mode_voucher", "model": "saletermaccounts"}}, {"model": "contenttypes.contenttype", "pk": 111, "fields": {"app_label": "accounts_mode_voucher", "model": "saletaxaccounts"}}, {"model": "sessions.session", "pk": "331rfp5hk7iehmguga85jhhlfsi0toq9", "fields": {"session_data": "MTQ4MTRlOGY2NGNjMWJmZDQwOTk0YTY2YjIzYTBkY2IxYjU4YjQyYzp7Il9hdXRoX3VzZXJfaWQiOiIxIiwiX2F1dGhfdXNlcl9iYWNrZW5kIjoiZGphbmdvLmNvbnRyaWIuYXV0aC5iYWNrZW5kcy5Nb2RlbEJhY2tlbmQiLCJfYXV0aF91c2VyX2hhc2giOiJjOGYxMTk0N2U4YjkzZTQ2YmIwMGMxYWE1YWNiMzIzM2M0M2VmNTNhIn0=", "expire_date": "2019-09-05T09:25:29.656Z"}}, {"model": "sessions.session", "pk": "91qp476l15bux1o22s0u86yq0bgggzd6", "fields": {"session_data": "MTQ4MTRlOGY2NGNjMWJmZDQwOTk0YTY2YjIzYTBkY2IxYjU4YjQyYzp7Il9hdXRoX3VzZXJfaWQiOiIxIiwiX2F1dGhfdXNlcl9iYWNrZW5kIjoiZGphbmdvLmNvbnRyaWIuYXV0aC5iYWNrZW5kcy5Nb2RlbEJhY2tlbmQiLCJfYXV0aF91c2VyX2hhc2giOiJjOGYxMTk0N2U4YjkzZTQ2YmIwMGMxYWE1YWNiMzIzM2M0M2VmNTNhIn0=", "expire_date": "2019-09-07T08:41:27.208Z"}}, {"model": "sessions.session", "pk": "c99z1kttef0yagevxn1q9ga9zbq2kccv", "fields": {"session_data": "MTQ4MTRlOGY2NGNjMWJmZDQwOTk0YTY2YjIzYTBkY2IxYjU4YjQyYzp7Il9hdXRoX3VzZXJfaWQiOiIxIiwiX2F1dGhfdXNlcl9iYWNrZW5kIjoiZGphbmdvLmNvbnRyaWIuYXV0aC5iYWNrZW5kcy5Nb2RlbEJhY2tlbmQiLCJfYXV0aF91c2VyX2hhc2giOiJjOGYxMTk0N2U4YjkzZTQ2YmIwMGMxYWE1YWNiMzIzM2M0M2VmNTNhIn0=", "expire_date": "2019-09-05T13:04:18.061Z"}}, {"model": "sessions.session", "pk": "ldr92f9l70yla8prpm24ab7oswaulg3j", "fields": {"session_data": "MTQ4MTRlOGY2NGNjMWJmZDQwOTk0YTY2YjIzYTBkY2IxYjU4YjQyYzp7Il9hdXRoX3VzZXJfaWQiOiIxIiwiX2F1dGhfdXNlcl9iYWNrZW5kIjoiZGphbmdvLmNvbnRyaWIuYXV0aC5iYWNrZW5kcy5Nb2RlbEJhY2tlbmQiLCJfYXV0aF91c2VyX2hhc2giOiJjOGYxMTk0N2U4YjkzZTQ2YmIwMGMxYWE1YWNiMzIzM2M0M2VmNTNhIn0=", "expire_date": "2019-09-07T08:25:33.081Z"}}, {"model": "sessions.session", "pk": "otpvmxvj9qcwvuiicncsibbrkoe2tjpw", "fields": {"session_data": "MTQ4MTRlOGY2NGNjMWJmZDQwOTk0YTY2YjIzYTBkY2IxYjU4YjQyYzp7Il9hdXRoX3VzZXJfaWQiOiIxIiwiX2F1dGhfdXNlcl9iYWNrZW5kIjoiZGphbmdvLmNvbnRyaWIuYXV0aC5iYWNrZW5kcy5Nb2RlbEJhY2tlbmQiLCJfYXV0aF91c2VyX2hhc2giOiJjOGYxMTk0N2U4YjkzZTQ2YmIwMGMxYWE1YWNiMzIzM2M0M2VmNTNhIn0=", "expire_date": "2019-09-02T11:16:30.504Z"}}, {"model": "sessions.session", "pk": "x1fcmg8808ifesac0zmbrfz2sgbkc8rl", "fields": {"session_data": "MTQ4MTRlOGY2NGNjMWJmZDQwOTk0YTY2YjIzYTBkY2IxYjU4YjQyYzp7Il9hdXRoX3VzZXJfaWQiOiIxIiwiX2F1dGhfdXNlcl9iYWNrZW5kIjoiZGphbmdvLmNvbnRyaWIuYXV0aC5iYWNrZW5kcy5Nb2RlbEJhY2tlbmQiLCJfYXV0aF91c2VyX2hhc2giOiJjOGYxMTk0N2U4YjkzZTQ2YmIwMGMxYWE1YWNiMzIzM2M0M2VmNTNhIn0=", "expire_date": "2019-09-06T14:20:22.685Z"}}, {"model": "company.staticpage", "pk": 3, "fields": {"organisation": 1, "name": "Mira Tyres", "title1": "Best Tyres In Town", "title2": "Deals in all types of Tyres and Tubes", "facebook_url": null, "twitter_url": null, "linkedin_url": null, "service_desc": "", "portfolio_desc": "", "team_desc": "", "head_bg": ""}}, {"model": "accounting_entry.paymentvoucherrows", "pk": 1, "fields": {"payment": 1, "particular": 7, "amount": "1000.00"}}, {"model": "stock_keeping.salestock", "pk": 1, "fields": {"sale_voucher": 1, "stock_item": 2, "quantity": "5.000", "rate": "20000.00", "disc": "2.00", "cgst": "0.00", "tax": "0.00", "sgst": "0.00", "igst": "19.00", "cess": "0.00", "cgst_total": "0.00", "sgst_total": "0.00", "igst_total": "18620.00", "cess_total": "0.00", "tax_total": "0.00", "total": "98000.00"}}, {"model": "stock_keeping.salestock", "pk": 2, "fields": {"sale_voucher": 1, "stock_item": 1, "quantity": "6.000", "rate": "10000.00", "disc": "2.00", "cgst": "0.00", "tax": "0.00", "sgst": "0.00", "igst": "19.00", "cess": "0.00", "cgst_total": "0.00", "sgst_total": "0.00", "igst_total": "11172.00", "cess_total": "0.00", "tax_total": "0.00", "total": "58800.00"}}, {"model": "stock_keeping.salestock", "pk": 3, "fields": {"sale_voucher": 8, "stock_item": 2, "quantity": "20.000", "rate": "1000.00", "disc": "0.00", "cgst": "0.00", "tax": "0.00", "sgst": "0.00", "igst": "19.00", "cess": "0.00", "cgst_total": "0.00", "sgst_total": "0.00", "igst_total": "3800.00", "cess_total": "0.00", "tax_total": "0.00", "total": "20000.00"}}, {"model": "stock_keeping.salestock", "pk": 4, "fields": {"sale_voucher": 10, "stock_item": 2, "quantity": "2.000", "rate": "10000.00", "disc": "2.00", "cgst": "0.00", "tax": "0.00", "sgst": "0.00", "igst": "19.00", "cess": "0.00", "cgst_total": "0.00", "sgst_total": "0.00", "igst_total": "3724.00", "cess_total": "0.00", "tax_total": "0.00", "total": "19600.00"}}, {"model": "stock_keeping.saleterm", "pk": 1, "fields": {"sale_voucher": 8, "ledger": 13, "rate": "0.00", "tax": "0.00", "cgst": "0.00", "sgst": "0.00", "igst": "16.00", "cess": "0.00", "cgst_total": "0.00", "sgst_total": "0.00", "igst_total": "160.00", "cess_total": "0.00", "tax_total": "0.00", "total": "1000.00"}}, {"model": "stock_keeping.saleterm", "pk": 2, "fields": {"sale_voucher": 10, "ledger": 13, "rate": "0.00", "tax": "0.00", "cgst": "0.00", "sgst": "0.00", "igst": "16.00", "cess": "0.00", "cgst_total": "0.00", "sgst_total": "0.00", "igst_total": "160.00", "cess_total": "0.00", "tax_total": "0.00", "total": "1000.00"}}, {"model": "stock_keeping.saletax", "pk": 1, "fields": {"sale_voucher": 1, "ledger": 6, "total": "29792.00"}}, {"model": "stock_keeping.saletax", "pk": 3, "fields": {"sale_voucher": 8, "ledger": 6, "total": "3960.00"}}, {"model": "stock_keeping.saletax", "pk": 4, "fields": {"sale_voucher": 10, "ledger": 6, "total": "3884.00"}}, {"model": "stock_keeping.purchasestock", "pk": 1, "fields": {"purchase_voucher": 1, "stock_item": 2, "quantity": "40.000", "rate": "9000.00", "disc": "2.00", "tax": "0.00", "cgst": "0.00", "sgst": "0.00", "igst": "15.00", "cess": "0.00", "cgst_total": "0.00", "sgst_total": "0.00", "igst_total": "52920.00", "cess_total": "0.00", "tax_total": "0.00", "total": "352800.00"}}, {"model": "stock_keeping.purchasestock", "pk": 2, "fields": {"purchase_voucher": 1, "stock_item": 1, "quantity": "40.000", "rate": "4500.00", "disc": "5.00", "tax": "0.00", "cgst": "0.00", "sgst": "0.00", "igst": "15.00", "cess": "0.00", "cgst_total": "0.00", "sgst_total": "0.00", "igst_total": "25650.00", "cess_total": "0.00", "tax_total": "0.00", "total": "171000.00"}}, {"model": "stock_keeping.purchasetax", "pk": 1, "fields": {"purchase_voucher": 1, "ledger": 6, "total": "78570.00"}}, {"model": "ecommerce_integration.product", "pk": 1, "fields": {"title": "Bracket-Books (Beta)", "price": "15000.00", "image": "product_images/flat-accounting-infographic_1212-75_4xoXEnb_dQutvW2_9Sn5sGT.jpg", "rating": "4.5", "summary": "A Web-app and mobile-friendly cloud based accounting ERP package based on double entry system with GST Billing, Reporting tools, Stock-keeping.", "description": "Access your business analytics from your devices anywhere, anytime, anyplace with the power of cloud based storage. We are hosted with the worlds best cloud service providers to provide you the ultimate speed and experience.\r\n\r\nwe have partnered with a huge community of professionals to serve you from your own town, state or locality for each professional necessity at reasonable rates. Find and hire the best professional near you.\r\n\r\nBusiness data is mostly on physical paper and its a pain to record them , costs incurred on basic vouching with the professionals help and the hours wasted. we bring the power of OCR for invoices, vouchers, notes in one dashboard.", "coupons": null}}, {"model": "ecommerce_integration.product", "pk": 2, "fields": {"title": "Bracket-OCR for Books (Beta)", "price": "10000.00", "image": "product_images/financial-statistics-background-design_1212-326_trQ9Fhw.jpg", "rating": "4.5", "summary": "An AI based OCR enabled dashboard that integrates seamlessly with your accounting ERP package for any type of vouchers, bills and manual data entry.", "description": "An AI based OCR enabled dashboard that integrates seamlessly with your accounting ERP package for any type of vouchers, bills and manual data entry for you and your team that can be trained with previous data or used with pre-trained data to automatically record transactions.\r\n\r\nSave more than 75% time that your employees use to just record data from plain bills. Let the AI work for you in an efficient manner.", "coupons": null}}, {"model": "ecommerce_integration.product", "pk": 3, "fields": {"title": "Bracket-QRStock (Beta)", "price": "5000.00", "image": "product_images/barcode-scanner-scanning-qr-code-on-smartphone-vector-17318216_oZHegEf_NWgleO4.jpg", "rating": "4.5", "summary": "Create QR code billing mechanism for all your stock and record all stock keeping with QR codes that can be scanned by any camera scanner.", "description": "Create QR code billing mechanism for all your stock and record all stock keeping with QR codes that can be scanned by any camera scanner. Let your billing be efficient if you have a lot of bills to generate on a daily basis and assign a QR code to each stock item with one button.\r\n\r\nManage Codes through our unified dashboard and print them with ease .\r\n\r\nLet your customers scan the QR codes with your embedded messages on the QR code for genuine, safe and brand credibility.\r\n\r\nLet your billing manager easily scan QR codes and assigning them to bills that integrates directly into the accounting ERP System.", "coupons": null}}, {"model": "ecommerce_integration.product", "pk": 4, "fields": {"title": "Bracket-GST-Pro (Coming Soon)", "price": "1200.00", "image": "product_images/8c42a11dd8d768ff29f500feb4b68a99_7NPrgU2_yvxfzc0_LlGQYjE.jpg", "rating": "4.5", "summary": "An Auditors tools that helps reconcile GST data directly from the GSTN portal and match errors and missing entries to avoid tax penalties efficiently.", "description": "An Auditors tools that helps reconcile GST data directly from the GSTN portal and match errors and missing entries to avoid tax penalties efficiently.\r\n\r\nMatch B2B, B2C, credit notes, Debit Notes, e-waybill invioces from across GSTR-1,GSTR-2 and the totals of GSTR-3B with clicks of a single button .\r\n\r\nAllow seamless flow of data between GSTN and the accounting ERP package to save data entry time.\r\n\r\nGenerate reports to pass on to your clients and easily maintain records of discrepancies.", "coupons": null}}, {"model": "ecommerce_integration.product", "pk": 5, "fields": {"title": "Bracket-Ecommerce (Comming Soon)", "price": "10000.00", "image": "product_images/bank-clipart-bank-employee-849702-3979411_ZoHrGBk_dQYWlRI_K7Aqewl.jpg", "rating": "4.5", "summary": "Create a B2C E-commerce portal directly linked to your accounting ERP stock management data with advanced dashboards and marketing analysis tools.", "description": "Create a B2C E-commerce portal directly linked to your accounting ERP stock management data with advanced dashboards and marketing analysis tools. \r\n\r\nAnalyse customer behavior, promote your products across the web or social media with built in packages.", "coupons": null}}, {"model": "ecommerce_integration.product", "pk": 6, "fields": {"title": "Bracket-HR-Tool (Comming Soon)", "price": "10000.00", "image": "product_images/Vector-Business-meeting-free-download-350x350_0MZLwQ6_Cl3jVUk.jpg", "rating": "4.5", "summary": "An HR managers tool that helps assign tasks to your employees and its allotted time , the employee can then record his activities  for you to monitor.", "description": "An HR managers tool that helps assign tasks to your employees and its allotted time , the employee can then record his activities  for you to monitor.\r\nAnalyse the performance of your employees and allot them tasks easily and maintain records and fetch analytics to optimise your companies working environment.", "coupons": null}}, {"model": "ecommerce_integration.product", "pk": 7, "fields": {"title": "Bracket-CRM (Comming Soon)", "price": "10000.00", "image": "product_images/697707-636721229124486135_270x480_thumb_kJxTE08_Nm0b1mP.jpg", "rating": "4.5", "summary": "A CRM tool that can help you with you customer management with advanced AI functionalities and analytics.", "description": "A CRM tool that can help you with you customer management with advanced AI functionalities and analytics.", "coupons": null}}, {"model": "ecommerce_integration.product", "pk": 8, "fields": {"title": "Bracket-SCM (Comming Soon)", "price": "10000.00", "image": "product_images/pngtree-business-team-people-vector-material-png-clipart_2056353_pWeQLxb.jpg", "rating": "4.5", "summary": "An SCM management tool which can be easiliy integrated with our existing ERP package and can be used with OCR.", "description": "An SCM management tool which can be easiliy integrated with our existing ERP package and can be used with OCR.", "coupons": null}}, {"model": "ecommerce_integration.product", "pk": 9, "fields": {"title": "Bracket-Agreement-Maker", "price": "1200.00", "image": "product_images/entrepreneur-with-multitasking_23-2147506721_KHEMvV0_5FjPTSu_ucoqpS4.jpg", "rating": "4.5", "summary": "A database of all agreements from all acts and procedure on the go to access and quick recommendation based typing to facilitate your clients.", "description": "A database of all agreements from all acts and procedure on the go to access and quick recommendation based typing to facilitate your clients.", "coupons": null}}, {"model": "ecommerce_integration.product", "pk": 10, "fields": {"title": "Bracket Legal Database", "price": "10000.00", "image": "product_images/entrepreneur-with-multitasking_23-2147506721_KHEMvV0_Dw5nK4h.jpg", "rating": "4.5", "summary": "A database of all legal acts and procedure on the go to access and quick recommendation based typing to facilitate your clients.", "description": "A database of all legal acts and procedure on the go to access and quick recommendation based typing to facilitate your clients.", "coupons": null}}, {"model": "ecommerce_cart.orderitem", "pk": 1, "fields": {"product": 1, "is_ordered": true, "date_added": "2019-08-19T11:19:40.203Z", "date_ordered": "2019-08-19T11:19:47.334Z"}}, {"model": "ecommerce_cart.orderitem", "pk": 2, "fields": {"product": 3, "is_ordered": true, "date_added": "2019-08-19T11:19:41.882Z", "date_ordered": "2019-08-19T11:19:47.334Z"}}, {"model": "ecommerce_cart.orderitem", "pk": 3, "fields": {"product": 9, "is_ordered": true, "date_added": "2019-08-19T13:52:42.317Z", "date_ordered": "2019-08-19T13:52:48.064Z"}}, {"model": "ecommerce_cart.order", "pk": 1, "fields": {"ref_code": "19081940825", "owner": 1, "is_ordered": true, "date_ordered": "2019-08-19T11:19:47.186Z", "items": [1, 2]}}, {"model": "ecommerce_cart.order", "pk": 2, "fields": {"ref_code": "19081942956", "owner": 1, "is_ordered": true, "date_ordered": "2019-08-19T13:52:48.061Z", "items": [3]}}, {"model": "accounts_mode_voucher.saletermaccounts", "pk": 2, "fields": {"sale_voucher": 2, "ledger": 13, "tax": "0.00", "cgst": "0.00", "sgst": "0.00", "igst": "16.00", "cess": "0.00", "cgst_total": "0.00", "sgst_total": "0.00", "igst_total": "800.00", "cess_total": "0.00", "tax_total": "0.00", "total": "5000.00"}}, {"model": "accounts_mode_voucher.saletaxaccounts", "pk": 1, "fields": {"sale_voucher": 2, "ledger": 6, "total": "800.00"}}, {"model": "auth.permission", "pk": 1, "fields": {"name": "Can add association", "content_type": 1, "codename": "add_association"}}, {"model": "auth.permission", "pk": 2, "fields": {"name": "Can change association", "content_type": 1, "codename": "change_association"}}, {"model": "auth.permission", "pk": 3, "fields": {"name": "Can delete association", "content_type": 1, "codename": "delete_association"}}, {"model": "auth.permission", "pk": 4, "fields": {"name": "Can add code", "content_type": 2, "codename": "add_code"}}, {"model": "auth.permission", "pk": 5, "fields": {"name": "Can change code", "content_type": 2, "codename": "change_code"}}, {"model": "auth.permission", "pk": 6, "fields": {"name": "Can delete code", "content_type": 2, "codename": "delete_code"}}, {"model": "auth.permission", "pk": 7, "fields": {"name": "Can add nonce", "content_type": 3, "codename": "add_nonce"}}, {"model": "auth.permission", "pk": 8, "fields": {"name": "Can change nonce", "content_type": 3, "codename": "change_nonce"}}, {"model": "auth.permission", "pk": 9, "fields": {"name": "Can delete nonce", "content_type": 3, "codename": "delete_nonce"}}, {"model": "auth.permission", "pk": 10, "fields": {"name": "Can add user social auth", "content_type": 4, "codename": "add_usersocialauth"}}, {"model": "auth.permission", "pk": 11, "fields": {"name": "Can change user social auth", "content_type": 4, "codename": "change_usersocialauth"}}, {"model": "auth.permission", "pk": 12, "fields": {"name": "Can delete user social auth", "content_type": 4, "codename": "delete_usersocialauth"}}, {"model": "auth.permission", "pk": 13, "fields": {"name": "Can add partial", "content_type": 5, "codename": "add_partial"}}, {"model": "auth.permission", "pk": 14, "fields": {"name": "Can change partial", "content_type": 5, "codename": "change_partial"}}, {"model": "auth.permission", "pk": 15, "fields": {"name": "Can delete partial", "content_type": 5, "codename": "delete_partial"}}, {"model": "auth.permission", "pk": 16, "fields": {"name": "Can add kv store", "content_type": 6, "codename": "add_kvstore"}}, {"model": "auth.permission", "pk": 17, "fields": {"name": "Can change kv store", "content_type": 6, "codename": "change_kvstore"}}, {"model": "auth.permission", "pk": 18, "fields": {"name": "Can delete kv store", "content_type": 6, "codename": "delete_kvstore"}}, {"model": "auth.permission", "pk": 19, "fields": {"name": "Can add crontab", "content_type": 7, "codename": "add_crontabschedule"}}, {"model": "auth.permission", "pk": 20, "fields": {"name": "Can change crontab", "content_type": 7, "codename": "change_crontabschedule"}}, {"model": "auth.permission", "pk": 21, "fields": {"name": "Can delete crontab", "content_type": 7, "codename": "delete_crontabschedule"}}, {"model": "auth.permission", "pk": 22, "fields": {"name": "Can add interval", "content_type": 8, "codename": "add_intervalschedule"}}, {"model": "auth.permission", "pk": 23, "fields": {"name": "Can change interval", "content_type": 8, "codename": "change_intervalschedule"}}, {"model": "auth.permission", "pk": 24, "fields": {"name": "Can delete interval", "content_type": 8, "codename": "delete_intervalschedule"}}, {"model": "auth.permission", "pk": 25, "fields": {"name": "Can add periodic task", "content_type": 9, "codename": "add_periodictask"}}, {"model": "auth.permission", "pk": 26, "fields": {"name": "Can change periodic task", "content_type": 9, "codename": "change_periodictask"}}, {"model": "auth.permission", "pk": 27, "fields": {"name": "Can delete periodic task", "content_type": 9, "codename": "delete_periodictask"}}, {"model": "auth.permission", "pk": 28, "fields": {"name": "Can add periodic tasks", "content_type": 10, "codename": "add_periodictasks"}}, {"model": "auth.permission", "pk": 29, "fields": {"name": "Can change periodic tasks", "content_type": 10, "codename": "change_periodictasks"}}, {"model": "auth.permission", "pk": 30, "fields": {"name": "Can delete periodic tasks", "content_type": 10, "codename": "delete_periodictasks"}}, {"model": "auth.permission", "pk": 31, "fields": {"name": "Can add solar event", "content_type": 11, "codename": "add_solarschedule"}}, {"model": "auth.permission", "pk": 32, "fields": {"name": "Can change solar event", "content_type": 11, "codename": "change_solarschedule"}}, {"model": "auth.permission", "pk": 33, "fields": {"name": "Can delete solar event", "content_type": 11, "codename": "delete_solarschedule"}}, {"model": "auth.permission", "pk": 34, "fields": {"name": "Can add task result", "content_type": 12, "codename": "add_taskresult"}}, {"model": "auth.permission", "pk": 35, "fields": {"name": "Can change task result", "content_type": 12, "codename": "change_taskresult"}}, {"model": "auth.permission", "pk": 36, "fields": {"name": "Can delete task result", "content_type": 12, "codename": "delete_taskresult"}}, {"model": "auth.permission", "pk": 37, "fields": {"name": "Can add rating", "content_type": 13, "codename": "add_rating"}}, {"model": "auth.permission", "pk": 38, "fields": {"name": "Can change rating", "content_type": 13, "codename": "change_rating"}}, {"model": "auth.permission", "pk": 39, "fields": {"name": "Can delete rating", "content_type": 13, "codename": "delete_rating"}}, {"model": "auth.permission", "pk": 40, "fields": {"name": "Can add user rating", "content_type": 14, "codename": "add_userrating"}}, {"model": "auth.permission", "pk": 41, "fields": {"name": "Can change user rating", "content_type": 14, "codename": "change_userrating"}}, {"model": "auth.permission", "pk": 42, "fields": {"name": "Can delete user rating", "content_type": 14, "codename": "delete_userrating"}}, {"model": "auth.permission", "pk": 43, "fields": {"name": "Can add log entry", "content_type": 15, "codename": "add_logentry"}}, {"model": "auth.permission", "pk": 44, "fields": {"name": "Can change log entry", "content_type": 15, "codename": "change_logentry"}}, {"model": "auth.permission", "pk": 45, "fields": {"name": "Can delete log entry", "content_type": 15, "codename": "delete_logentry"}}, {"model": "auth.permission", "pk": 46, "fields": {"name": "Can add permission", "content_type": 16, "codename": "add_permission"}}, {"model": "auth.permission", "pk": 47, "fields": {"name": "Can change permission", "content_type": 16, "codename": "change_permission"}}, {"model": "auth.permission", "pk": 48, "fields": {"name": "Can delete permission", "content_type": 16, "codename": "delete_permission"}}, {"model": "auth.permission", "pk": 49, "fields": {"name": "Can add group", "content_type": 17, "codename": "add_group"}}, {"model": "auth.permission", "pk": 50, "fields": {"name": "Can change group", "content_type": 17, "codename": "change_group"}}, {"model": "auth.permission", "pk": 51, "fields": {"name": "Can delete group", "content_type": 17, "codename": "delete_group"}}, {"model": "auth.permission", "pk": 52, "fields": {"name": "Can add content type", "content_type": 18, "codename": "add_contenttype"}}, {"model": "auth.permission", "pk": 53, "fields": {"name": "Can change content type", "content_type": 18, "codename": "change_contenttype"}}, {"model": "auth.permission", "pk": 54, "fields": {"name": "Can delete content type", "content_type": 18, "codename": "delete_contenttype"}}, {"model": "auth.permission", "pk": 55, "fields": {"name": "Can add session", "content_type": 19, "codename": "add_session"}}, {"model": "auth.permission", "pk": 56, "fields": {"name": "Can change session", "content_type": 19, "codename": "change_session"}}, {"model": "auth.permission", "pk": 57, "fields": {"name": "Can delete session", "content_type": 19, "codename": "delete_session"}}, {"model": "auth.permission", "pk": 58, "fields": {"name": "Can add user", "content_type": 20, "codename": "add_bracketlineuser"}}, {"model": "auth.permission", "pk": 59, "fields": {"name": "Can change user", "content_type": 20, "codename": "change_bracketlineuser"}}, {"model": "auth.permission", "pk": 60, "fields": {"name": "Can delete user", "content_type": 20, "codename": "delete_bracketlineuser"}}, {"model": "auth.permission", "pk": 61, "fields": {"name": "Can add country master", "content_type": 21, "codename": "add_countrymaster"}}, {"model": "auth.permission", "pk": 62, "fields": {"name": "Can change country master", "content_type": 21, "codename": "change_countrymaster"}}, {"model": "auth.permission", "pk": 63, "fields": {"name": "Can delete country master", "content_type": 21, "codename": "delete_countrymaster"}}, {"model": "auth.permission", "pk": 64, "fields": {"name": "Can add group base", "content_type": 22, "codename": "add_groupbase"}}, {"model": "auth.permission", "pk": 65, "fields": {"name": "Can change group base", "content_type": 22, "codename": "change_groupbase"}}, {"model": "auth.permission", "pk": 66, "fields": {"name": "Can delete group base", "content_type": 22, "codename": "delete_groupbase"}}, {"model": "auth.permission", "pk": 67, "fields": {"name": "Can add state master", "content_type": 23, "codename": "add_statemaster"}}, {"model": "auth.permission", "pk": 68, "fields": {"name": "Can change state master", "content_type": 23, "codename": "change_statemaster"}}, {"model": "auth.permission", "pk": 69, "fields": {"name": "Can delete state master", "content_type": 23, "codename": "delete_statemaster"}}, {"model": "auth.permission", "pk": 70, "fields": {"name": "Can add uqc", "content_type": 24, "codename": "add_uqc"}}, {"model": "auth.permission", "pk": 71, "fields": {"name": "Can change uqc", "content_type": 24, "codename": "change_uqc"}}, {"model": "auth.permission", "pk": 72, "fields": {"name": "Can delete uqc", "content_type": 24, "codename": "delete_uqc"}}, {"model": "auth.permission", "pk": 73, "fields": {"name": "Can add company", "content_type": 25, "codename": "add_company"}}, {"model": "auth.permission", "pk": 74, "fields": {"name": "Can change company", "content_type": 25, "codename": "change_company"}}, {"model": "auth.permission", "pk": 75, "fields": {"name": "Can delete company", "content_type": 25, "codename": "delete_company"}}, {"model": "auth.permission", "pk": 76, "fields": {"name": "Can add organisation", "content_type": 26, "codename": "add_organisation"}}, {"model": "auth.permission", "pk": 77, "fields": {"name": "Can change organisation", "content_type": 26, "codename": "change_organisation"}}, {"model": "auth.permission", "pk": 78, "fields": {"name": "Can delete organisation", "content_type": 26, "codename": "delete_organisation"}}, {"model": "auth.permission", "pk": 79, "fields": {"name": "Can add bank reconciliation", "content_type": 27, "codename": "add_bankreconciliation"}}, {"model": "auth.permission", "pk": 80, "fields": {"name": "Can change bank reconciliation", "content_type": 27, "codename": "change_bankreconciliation"}}, {"model": "auth.permission", "pk": 81, "fields": {"name": "Can delete bank reconciliation", "content_type": 27, "codename": "delete_bankreconciliation"}}, {"model": "auth.permission", "pk": 82, "fields": {"name": "Can add contra voucher", "content_type": 28, "codename": "add_contravoucher"}}, {"model": "auth.permission", "pk": 83, "fields": {"name": "Can change contra voucher", "content_type": 28, "codename": "change_contravoucher"}}, {"model": "auth.permission", "pk": 84, "fields": {"name": "Can delete contra voucher", "content_type": 28, "codename": "delete_contravoucher"}}, {"model": "auth.permission", "pk": 85, "fields": {"name": "Can add contra voucher rows", "content_type": 29, "codename": "add_contravoucherrows"}}, {"model": "auth.permission", "pk": 86, "fields": {"name": "Can change contra voucher rows", "content_type": 29, "codename": "change_contravoucherrows"}}, {"model": "auth.permission", "pk": 87, "fields": {"name": "Can delete contra voucher rows", "content_type": 29, "codename": "delete_contravoucherrows"}}, {"model": "auth.permission", "pk": 88, "fields": {"name": "Can add journal voucher", "content_type": 30, "codename": "add_journalvoucher"}}, {"model": "auth.permission", "pk": 89, "fields": {"name": "Can change journal voucher", "content_type": 30, "codename": "change_journalvoucher"}}, {"model": "auth.permission", "pk": 90, "fields": {"name": "Can delete journal voucher", "content_type": 30, "codename": "delete_journalvoucher"}}, {"model": "auth.permission", "pk": 91, "fields": {"name": "Can add ledger group", "content_type": 31, "codename": "add_ledgergroup"}}, {"model": "auth.permission", "pk": 92, "fields": {"name": "Can change ledger group", "content_type": 31, "codename": "change_ledgergroup"}}, {"model": "auth.permission", "pk": 93, "fields": {"name": "Can delete ledger group", "content_type": 31, "codename": "delete_ledgergroup"}}, {"model": "auth.permission", "pk": 94, "fields": {"name": "Can add ledger master", "content_type": 32, "codename": "add_ledgermaster"}}, {"model": "auth.permission", "pk": 95, "fields": {"name": "Can change ledger master", "content_type": 32, "codename": "change_ledgermaster"}}, {"model": "auth.permission", "pk": 96, "fields": {"name": "Can delete ledger master", "content_type": 32, "codename": "delete_ledgermaster"}}, {"model": "auth.permission", "pk": 97, "fields": {"name": "Can add multi journal voucher", "content_type": 33, "codename": "add_multijournalvoucher"}}, {"model": "auth.permission", "pk": 98, "fields": {"name": "Can change multi journal voucher", "content_type": 33, "codename": "change_multijournalvoucher"}}, {"model": "auth.permission", "pk": 99, "fields": {"name": "Can delete multi journal voucher", "content_type": 33, "codename": "delete_multijournalvoucher"}}, {"model": "auth.permission", "pk": 100, "fields": {"name": "Can add multi journal voucher cr rows", "content_type": 34, "codename": "add_multijournalvouchercrrows"}}, {"model": "auth.permission", "pk": 101, "fields": {"name": "Can change multi journal voucher cr rows", "content_type": 34, "codename": "change_multijournalvouchercrrows"}}, {"model": "auth.permission", "pk": 102, "fields": {"name": "Can delete multi journal voucher cr rows", "content_type": 34, "codename": "delete_multijournalvouchercrrows"}}, {"model": "auth.permission", "pk": 103, "fields": {"name": "Can add multi journal voucher dr rows", "content_type": 35, "codename": "add_multijournalvoucherdrrows"}}, {"model": "auth.permission", "pk": 104, "fields": {"name": "Can change multi journal voucher dr rows", "content_type": 35, "codename": "change_multijournalvoucherdrrows"}}, {"model": "auth.permission", "pk": 105, "fields": {"name": "Can delete multi journal voucher dr rows", "content_type": 35, "codename": "delete_multijournalvoucherdrrows"}}, {"model": "auth.permission", "pk": 106, "fields": {"name": "Can add payment voucher", "content_type": 36, "codename": "add_paymentvoucher"}}, {"model": "auth.permission", "pk": 107, "fields": {"name": "Can change payment voucher", "content_type": 36, "codename": "change_paymentvoucher"}}, {"model": "auth.permission", "pk": 108, "fields": {"name": "Can delete payment voucher", "content_type": 36, "codename": "delete_paymentvoucher"}}, {"model": "auth.permission", "pk": 109, "fields": {"name": "Can add payment voucher rows", "content_type": 37, "codename": "add_paymentvoucherrows"}}, {"model": "auth.permission", "pk": 110, "fields": {"name": "Can change payment voucher rows", "content_type": 37, "codename": "change_paymentvoucherrows"}}, {"model": "auth.permission", "pk": 111, "fields": {"name": "Can delete payment voucher rows", "content_type": 37, "codename": "delete_paymentvoucherrows"}}, {"model": "auth.permission", "pk": 112, "fields": {"name": "Can add period selected", "content_type": 38, "codename": "add_periodselected"}}, {"model": "auth.permission", "pk": 113, "fields": {"name": "Can change period selected", "content_type": 38, "codename": "change_periodselected"}}, {"model": "auth.permission", "pk": 114, "fields": {"name": "Can delete period selected", "content_type": 38, "codename": "delete_periodselected"}}, {"model": "auth.permission", "pk": 115, "fields": {"name": "Can add receipt voucher", "content_type": 39, "codename": "add_receiptvoucher"}}, {"model": "auth.permission", "pk": 116, "fields": {"name": "Can change receipt voucher", "content_type": 39, "codename": "change_receiptvoucher"}}, {"model": "auth.permission", "pk": 117, "fields": {"name": "Can delete receipt voucher", "content_type": 39, "codename": "delete_receiptvoucher"}}, {"model": "auth.permission", "pk": 118, "fields": {"name": "Can add receipt voucher rows", "content_type": 40, "codename": "add_receiptvoucherrows"}}, {"model": "auth.permission", "pk": 119, "fields": {"name": "Can change receipt voucher rows", "content_type": 40, "codename": "change_receiptvoucherrows"}}, {"model": "auth.permission", "pk": 120, "fields": {"name": "Can delete receipt voucher rows", "content_type": 40, "codename": "delete_receiptvoucherrows"}}, {"model": "auth.permission", "pk": 121, "fields": {"name": "Can add achievement", "content_type": 41, "codename": "add_achievement"}}, {"model": "auth.permission", "pk": 122, "fields": {"name": "Can change achievement", "content_type": 41, "codename": "change_achievement"}}, {"model": "auth.permission", "pk": 123, "fields": {"name": "Can delete achievement", "content_type": 41, "codename": "delete_achievement"}}, {"model": "auth.permission", "pk": 124, "fields": {"name": "Can add post", "content_type": 42, "codename": "add_post"}}, {"model": "auth.permission", "pk": 125, "fields": {"name": "Can change post", "content_type": 42, "codename": "change_post"}}, {"model": "auth.permission", "pk": 126, "fields": {"name": "Can delete post", "content_type": 42, "codename": "delete_post"}}, {"model": "auth.permission", "pk": 127, "fields": {"name": "Can add post comment", "content_type": 43, "codename": "add_postcomment"}}, {"model": "auth.permission", "pk": 128, "fields": {"name": "Can change post comment", "content_type": 43, "codename": "change_postcomment"}}, {"model": "auth.permission", "pk": 129, "fields": {"name": "Can delete post comment", "content_type": 43, "codename": "delete_postcomment"}}, {"model": "auth.permission", "pk": 130, "fields": {"name": "Can add product activated", "content_type": 44, "codename": "add_productactivated"}}, {"model": "auth.permission", "pk": 131, "fields": {"name": "Can change product activated", "content_type": 44, "codename": "change_productactivated"}}, {"model": "auth.permission", "pk": 132, "fields": {"name": "Can delete product activated", "content_type": 44, "codename": "delete_productactivated"}}, {"model": "auth.permission", "pk": 133, "fields": {"name": "Can add professional services", "content_type": 45, "codename": "add_professionalservices"}}, {"model": "auth.permission", "pk": 134, "fields": {"name": "Can change professional services", "content_type": 45, "codename": "change_professionalservices"}}, {"model": "auth.permission", "pk": 135, "fields": {"name": "Can delete professional services", "content_type": 45, "codename": "delete_professionalservices"}}, {"model": "auth.permission", "pk": 136, "fields": {"name": "Can add professional verify", "content_type": 46, "codename": "add_professionalverify"}}, {"model": "auth.permission", "pk": 137, "fields": {"name": "Can change professional verify", "content_type": 46, "codename": "change_professionalverify"}}, {"model": "auth.permission", "pk": 138, "fields": {"name": "Can delete professional verify", "content_type": 46, "codename": "delete_professionalverify"}}, {"model": "auth.permission", "pk": 139, "fields": {"name": "Can add profile", "content_type": 47, "codename": "add_profile"}}, {"model": "auth.permission", "pk": 140, "fields": {"name": "Can change profile", "content_type": 47, "codename": "change_profile"}}, {"model": "auth.permission", "pk": 141, "fields": {"name": "Can delete profile", "content_type": 47, "codename": "delete_profile"}}, {"model": "auth.permission", "pk": 142, "fields": {"name": "Can add role based product activated", "content_type": 48, "codename": "add_rolebasedproductactivated"}}, {"model": "auth.permission", "pk": 143, "fields": {"name": "Can change role based product activated", "content_type": 48, "codename": "change_rolebasedproductactivated"}}, {"model": "auth.permission", "pk": 144, "fields": {"name": "Can delete role based product activated", "content_type": 48, "codename": "delete_rolebasedproductactivated"}}, {"model": "auth.permission", "pk": 145, "fields": {"name": "Can add blog", "content_type": 49, "codename": "add_blog"}}, {"model": "auth.permission", "pk": 146, "fields": {"name": "Can change blog", "content_type": 49, "codename": "change_blog"}}, {"model": "auth.permission", "pk": 147, "fields": {"name": "Can delete blog", "content_type": 49, "codename": "delete_blog"}}, {"model": "auth.permission", "pk": 148, "fields": {"name": "Can add blog categories", "content_type": 50, "codename": "add_blogcategories"}}, {"model": "auth.permission", "pk": 149, "fields": {"name": "Can change blog categories", "content_type": 50, "codename": "change_blogcategories"}}, {"model": "auth.permission", "pk": 150, "fields": {"name": "Can delete blog categories", "content_type": 50, "codename": "delete_blogcategories"}}, {"model": "auth.permission", "pk": 151, "fields": {"name": "Can add blog comments", "content_type": 51, "codename": "add_blogcomments"}}, {"model": "auth.permission", "pk": 152, "fields": {"name": "Can change blog comments", "content_type": 51, "codename": "change_blogcomments"}}, {"model": "auth.permission", "pk": 153, "fields": {"name": "Can delete blog comments", "content_type": 51, "codename": "delete_blogcomments"}}, {"model": "auth.permission", "pk": 154, "fields": {"name": "Can add answer", "content_type": 52, "codename": "add_answer"}}, {"model": "auth.permission", "pk": 155, "fields": {"name": "Can change answer", "content_type": 52, "codename": "change_answer"}}, {"model": "auth.permission", "pk": 156, "fields": {"name": "Can delete answer", "content_type": 52, "codename": "delete_answer"}}, {"model": "auth.permission", "pk": 157, "fields": {"name": "Can add consultancy", "content_type": 53, "codename": "add_consultancy"}}, {"model": "auth.permission", "pk": 158, "fields": {"name": "Can change consultancy", "content_type": 53, "codename": "change_consultancy"}}, {"model": "auth.permission", "pk": 159, "fields": {"name": "Can delete consultancy", "content_type": 53, "codename": "delete_consultancy"}}, {"model": "auth.permission", "pk": 160, "fields": {"name": "Can add compound unit", "content_type": 54, "codename": "add_compoundunit"}}, {"model": "auth.permission", "pk": 161, "fields": {"name": "Can change compound unit", "content_type": 54, "codename": "change_compoundunit"}}, {"model": "auth.permission", "pk": 162, "fields": {"name": "Can delete compound unit", "content_type": 54, "codename": "delete_compoundunit"}}, {"model": "auth.permission", "pk": 163, "fields": {"name": "Can add credit note stock", "content_type": 55, "codename": "add_creditnotestock"}}, {"model": "auth.permission", "pk": 164, "fields": {"name": "Can change credit note stock", "content_type": 55, "codename": "change_creditnotestock"}}, {"model": "auth.permission", "pk": 165, "fields": {"name": "Can delete credit note stock", "content_type": 55, "codename": "delete_creditnotestock"}}, {"model": "auth.permission", "pk": 166, "fields": {"name": "Can add credit note tax", "content_type": 56, "codename": "add_creditnotetax"}}, {"model": "auth.permission", "pk": 167, "fields": {"name": "Can change credit note tax", "content_type": 56, "codename": "change_creditnotetax"}}, {"model": "auth.permission", "pk": 168, "fields": {"name": "Can delete credit note tax", "content_type": 56, "codename": "delete_creditnotetax"}}, {"model": "auth.permission", "pk": 169, "fields": {"name": "Can add credit note term", "content_type": 57, "codename": "add_creditnoteterm"}}, {"model": "auth.permission", "pk": 170, "fields": {"name": "Can change credit note term", "content_type": 57, "codename": "change_creditnoteterm"}}, {"model": "auth.permission", "pk": 171, "fields": {"name": "Can delete credit note term", "content_type": 57, "codename": "delete_creditnoteterm"}}, {"model": "auth.permission", "pk": 172, "fields": {"name": "Can add credit note voucher", "content_type": 58, "codename": "add_creditnotevoucher"}}, {"model": "auth.permission", "pk": 173, "fields": {"name": "Can change credit note voucher", "content_type": 58, "codename": "change_creditnotevoucher"}}, {"model": "auth.permission", "pk": 174, "fields": {"name": "Can delete credit note voucher", "content_type": 58, "codename": "delete_creditnotevoucher"}}, {"model": "auth.permission", "pk": 175, "fields": {"name": "Can add debit note stock", "content_type": 59, "codename": "add_debitnotestock"}}, {"model": "auth.permission", "pk": 176, "fields": {"name": "Can change debit note stock", "content_type": 59, "codename": "change_debitnotestock"}}, {"model": "auth.permission", "pk": 177, "fields": {"name": "Can delete debit note stock", "content_type": 59, "codename": "delete_debitnotestock"}}, {"model": "auth.permission", "pk": 178, "fields": {"name": "Can add debit note tax", "content_type": 60, "codename": "add_debitnotetax"}}, {"model": "auth.permission", "pk": 179, "fields": {"name": "Can change debit note tax", "content_type": 60, "codename": "change_debitnotetax"}}, {"model": "auth.permission", "pk": 180, "fields": {"name": "Can delete debit note tax", "content_type": 60, "codename": "delete_debitnotetax"}}, {"model": "auth.permission", "pk": 181, "fields": {"name": "Can add debit note term", "content_type": 61, "codename": "add_debitnoteterm"}}, {"model": "auth.permission", "pk": 182, "fields": {"name": "Can change debit note term", "content_type": 61, "codename": "change_debitnoteterm"}}, {"model": "auth.permission", "pk": 183, "fields": {"name": "Can delete debit note term", "content_type": 61, "codename": "delete_debitnoteterm"}}, {"model": "auth.permission", "pk": 184, "fields": {"name": "Can add debit note voucher", "content_type": 62, "codename": "add_debitnotevoucher"}}, {"model": "auth.permission", "pk": 185, "fields": {"name": "Can change debit note voucher", "content_type": 62, "codename": "change_debitnotevoucher"}}, {"model": "auth.permission", "pk": 186, "fields": {"name": "Can delete debit note voucher", "content_type": 62, "codename": "delete_debitnotevoucher"}}, {"model": "auth.permission", "pk": 187, "fields": {"name": "Can add purchase stock", "content_type": 63, "codename": "add_purchasestock"}}, {"model": "auth.permission", "pk": 188, "fields": {"name": "Can change purchase stock", "content_type": 63, "codename": "change_purchasestock"}}, {"model": "auth.permission", "pk": 189, "fields": {"name": "Can delete purchase stock", "content_type": 63, "codename": "delete_purchasestock"}}, {"model": "auth.permission", "pk": 190, "fields": {"name": "Can add purchase tax", "content_type": 64, "codename": "add_purchasetax"}}, {"model": "auth.permission", "pk": 191, "fields": {"name": "Can change purchase tax", "content_type": 64, "codename": "change_purchasetax"}}, {"model": "auth.permission", "pk": 192, "fields": {"name": "Can delete purchase tax", "content_type": 64, "codename": "delete_purchasetax"}}, {"model": "auth.permission", "pk": 193, "fields": {"name": "Can add purchase term", "content_type": 65, "codename": "add_purchaseterm"}}, {"model": "auth.permission", "pk": 194, "fields": {"name": "Can change purchase term", "content_type": 65, "codename": "change_purchaseterm"}}, {"model": "auth.permission", "pk": 195, "fields": {"name": "Can delete purchase term", "content_type": 65, "codename": "delete_purchaseterm"}}, {"model": "auth.permission", "pk": 196, "fields": {"name": "Can add purchase voucher", "content_type": 66, "codename": "add_purchasevoucher"}}, {"model": "auth.permission", "pk": 197, "fields": {"name": "Can change purchase voucher", "content_type": 66, "codename": "change_purchasevoucher"}}, {"model": "auth.permission", "pk": 198, "fields": {"name": "Can delete purchase voucher", "content_type": 66, "codename": "delete_purchasevoucher"}}, {"model": "auth.permission", "pk": 199, "fields": {"name": "Can add sale stock", "content_type": 67, "codename": "add_salestock"}}, {"model": "auth.permission", "pk": 200, "fields": {"name": "Can change sale stock", "content_type": 67, "codename": "change_salestock"}}, {"model": "auth.permission", "pk": 201, "fields": {"name": "Can delete sale stock", "content_type": 67, "codename": "delete_salestock"}}, {"model": "auth.permission", "pk": 202, "fields": {"name": "Can add sale tax", "content_type": 68, "codename": "add_saletax"}}, {"model": "auth.permission", "pk": 203, "fields": {"name": "Can change sale tax", "content_type": 68, "codename": "change_saletax"}}, {"model": "auth.permission", "pk": 204, "fields": {"name": "Can delete sale tax", "content_type": 68, "codename": "delete_saletax"}}, {"model": "auth.permission", "pk": 205, "fields": {"name": "Can add sale term", "content_type": 69, "codename": "add_saleterm"}}, {"model": "auth.permission", "pk": 206, "fields": {"name": "Can change sale term", "content_type": 69, "codename": "change_saleterm"}}, {"model": "auth.permission", "pk": 207, "fields": {"name": "Can delete sale term", "content_type": 69, "codename": "delete_saleterm"}}, {"model": "auth.permission", "pk": 208, "fields": {"name": "Can add sale voucher", "content_type": 70, "codename": "add_salevoucher"}}, {"model": "auth.permission", "pk": 209, "fields": {"name": "Can change sale voucher", "content_type": 70, "codename": "change_salevoucher"}}, {"model": "auth.permission", "pk": 210, "fields": {"name": "Can delete sale voucher", "content_type": 70, "codename": "delete_salevoucher"}}, {"model": "auth.permission", "pk": 211, "fields": {"name": "Can add simple unit", "content_type": 71, "codename": "add_simpleunit"}}, {"model": "auth.permission", "pk": 212, "fields": {"name": "Can change simple unit", "content_type": 71, "codename": "change_simpleunit"}}, {"model": "auth.permission", "pk": 213, "fields": {"name": "Can delete simple unit", "content_type": 71, "codename": "delete_simpleunit"}}, {"model": "auth.permission", "pk": 214, "fields": {"name": "Can add stock balance", "content_type": 72, "codename": "add_stockbalance"}}, {"model": "auth.permission", "pk": 215, "fields": {"name": "Can change stock balance", "content_type": 72, "codename": "change_stockbalance"}}, {"model": "auth.permission", "pk": 216, "fields": {"name": "Can delete stock balance", "content_type": 72, "codename": "delete_stockbalance"}}, {"model": "auth.permission", "pk": 217, "fields": {"name": "Can add stock group", "content_type": 73, "codename": "add_stockgroup"}}, {"model": "auth.permission", "pk": 218, "fields": {"name": "Can change stock group", "content_type": 73, "codename": "change_stockgroup"}}, {"model": "auth.permission", "pk": 219, "fields": {"name": "Can delete stock group", "content_type": 73, "codename": "delete_stockgroup"}}, {"model": "auth.permission", "pk": 220, "fields": {"name": "Can add stock item", "content_type": 74, "codename": "add_stockitem"}}, {"model": "auth.permission", "pk": 221, "fields": {"name": "Can change stock item", "content_type": 74, "codename": "change_stockitem"}}, {"model": "auth.permission", "pk": 222, "fields": {"name": "Can delete stock item", "content_type": 74, "codename": "delete_stockitem"}}, {"model": "auth.permission", "pk": 223, "fields": {"name": "Can add api", "content_type": 75, "codename": "add_api"}}, {"model": "auth.permission", "pk": 224, "fields": {"name": "Can change api", "content_type": 75, "codename": "change_api"}}, {"model": "auth.permission", "pk": 225, "fields": {"name": "Can delete api", "content_type": 75, "codename": "delete_api"}}, {"model": "auth.permission", "pk": 226, "fields": {"name": "Can add coupon", "content_type": 76, "codename": "add_coupon"}}, {"model": "auth.permission", "pk": 227, "fields": {"name": "Can change coupon", "content_type": 76, "codename": "change_coupon"}}, {"model": "auth.permission", "pk": 228, "fields": {"name": "Can delete coupon", "content_type": 76, "codename": "delete_coupon"}}, {"model": "auth.permission", "pk": 229, "fields": {"name": "Can add product", "content_type": 77, "codename": "add_product"}}, {"model": "auth.permission", "pk": 230, "fields": {"name": "Can change product", "content_type": 77, "codename": "change_product"}}, {"model": "auth.permission", "pk": 231, "fields": {"name": "Can delete product", "content_type": 77, "codename": "delete_product"}}, {"model": "auth.permission", "pk": 232, "fields": {"name": "Can add product review", "content_type": 78, "codename": "add_productreview"}}, {"model": "auth.permission", "pk": 233, "fields": {"name": "Can change product review", "content_type": 78, "codename": "change_productreview"}}, {"model": "auth.permission", "pk": 234, "fields": {"name": "Can delete product review", "content_type": 78, "codename": "delete_productreview"}}, {"model": "auth.permission", "pk": 235, "fields": {"name": "Can add role based product", "content_type": 79, "codename": "add_rolebasedproduct"}}, {"model": "auth.permission", "pk": 236, "fields": {"name": "Can change role based product", "content_type": 79, "codename": "change_rolebasedproduct"}}, {"model": "auth.permission", "pk": 237, "fields": {"name": "Can delete role based product", "content_type": 79, "codename": "delete_rolebasedproduct"}}, {"model": "auth.permission", "pk": 238, "fields": {"name": "Can add services", "content_type": 80, "codename": "add_services"}}, {"model": "auth.permission", "pk": 239, "fields": {"name": "Can change services", "content_type": 80, "codename": "change_services"}}, {"model": "auth.permission", "pk": 240, "fields": {"name": "Can delete services", "content_type": 80, "codename": "delete_services"}}, {"model": "auth.permission", "pk": 241, "fields": {"name": "Can add order", "content_type": 81, "codename": "add_order"}}, {"model": "auth.permission", "pk": 242, "fields": {"name": "Can change order", "content_type": 81, "codename": "change_order"}}, {"model": "auth.permission", "pk": 243, "fields": {"name": "Can delete order", "content_type": 81, "codename": "delete_order"}}, {"model": "auth.permission", "pk": 244, "fields": {"name": "Can add order item", "content_type": 82, "codename": "add_orderitem"}}, {"model": "auth.permission", "pk": 245, "fields": {"name": "Can change order item", "content_type": 82, "codename": "change_orderitem"}}, {"model": "auth.permission", "pk": 246, "fields": {"name": "Can delete order item", "content_type": 82, "codename": "delete_orderitem"}}, {"model": "auth.permission", "pk": 247, "fields": {"name": "Can add message", "content_type": 83, "codename": "add_message"}}, {"model": "auth.permission", "pk": 248, "fields": {"name": "Can change message", "content_type": 83, "codename": "change_message"}}, {"model": "auth.permission", "pk": 249, "fields": {"name": "Can delete message", "content_type": 83, "codename": "delete_message"}}, {"model": "auth.permission", "pk": 250, "fields": {"name": "Can add aggrement", "content_type": 84, "codename": "add_aggrement"}}, {"model": "auth.permission", "pk": 251, "fields": {"name": "Can change aggrement", "content_type": 84, "codename": "change_aggrement"}}, {"model": "auth.permission", "pk": 252, "fields": {"name": "Can delete aggrement", "content_type": 84, "codename": "delete_aggrement"}}, {"model": "auth.permission", "pk": 253, "fields": {"name": "Can add user aggrements", "content_type": 85, "codename": "add_useraggrements"}}, {"model": "auth.permission", "pk": 254, "fields": {"name": "Can change user aggrements", "content_type": 85, "codename": "change_useraggrements"}}, {"model": "auth.permission", "pk": 255, "fields": {"name": "Can delete user aggrements", "content_type": 85, "codename": "delete_useraggrements"}}, {"model": "auth.permission", "pk": 256, "fields": {"name": "Can add cases", "content_type": 86, "codename": "add_cases"}}, {"model": "auth.permission", "pk": 257, "fields": {"name": "Can change cases", "content_type": 86, "codename": "change_cases"}}, {"model": "auth.permission", "pk": 258, "fields": {"name": "Can delete cases", "content_type": 86, "codename": "delete_cases"}}, {"model": "auth.permission", "pk": 259, "fields": {"name": "Can add categories", "content_type": 87, "codename": "add_categories"}}, {"model": "auth.permission", "pk": 260, "fields": {"name": "Can change categories", "content_type": 87, "codename": "change_categories"}}, {"model": "auth.permission", "pk": 261, "fields": {"name": "Can delete categories", "content_type": 87, "codename": "delete_categories"}}, {"model": "auth.permission", "pk": 262, "fields": {"name": "Can add central bare act", "content_type": 88, "codename": "add_centralbareact"}}, {"model": "auth.permission", "pk": 263, "fields": {"name": "Can change central bare act", "content_type": 88, "codename": "change_centralbareact"}}, {"model": "auth.permission", "pk": 264, "fields": {"name": "Can delete central bare act", "content_type": 88, "codename": "delete_centralbareact"}}, {"model": "auth.permission", "pk": 265, "fields": {"name": "Can add chapter", "content_type": 89, "codename": "add_chapter"}}, {"model": "auth.permission", "pk": 266, "fields": {"name": "Can change chapter", "content_type": 89, "codename": "change_chapter"}}, {"model": "auth.permission", "pk": 267, "fields": {"name": "Can delete chapter", "content_type": 89, "codename": "delete_chapter"}}, {"model": "auth.permission", "pk": 268, "fields": {"name": "Can add notifications", "content_type": 90, "codename": "add_notifications"}}, {"model": "auth.permission", "pk": 269, "fields": {"name": "Can change notifications", "content_type": 90, "codename": "change_notifications"}}, {"model": "auth.permission", "pk": 270, "fields": {"name": "Can delete notifications", "content_type": 90, "codename": "delete_notifications"}}, {"model": "auth.permission", "pk": 271, "fields": {"name": "Can add order", "content_type": 91, "codename": "add_order"}}, {"model": "auth.permission", "pk": 272, "fields": {"name": "Can change order", "content_type": 91, "codename": "change_order"}}, {"model": "auth.permission", "pk": 273, "fields": {"name": "Can delete order", "content_type": 91, "codename": "delete_order"}}, {"model": "auth.permission", "pk": 274, "fields": {"name": "Can add section", "content_type": 92, "codename": "add_section"}}, {"model": "auth.permission", "pk": 275, "fields": {"name": "Can change section", "content_type": 92, "codename": "change_section"}}, {"model": "auth.permission", "pk": 276, "fields": {"name": "Can delete section", "content_type": 92, "codename": "delete_section"}}, {"model": "auth.permission", "pk": 277, "fields": {"name": "Can add state bare act", "content_type": 93, "codename": "add_statebareact"}}, {"model": "auth.permission", "pk": 278, "fields": {"name": "Can change state bare act", "content_type": 93, "codename": "change_statebareact"}}, {"model": "auth.permission", "pk": 279, "fields": {"name": "Can delete state bare act", "content_type": 93, "codename": "delete_statebareact"}}, {"model": "auth.permission", "pk": 280, "fields": {"name": "Can add sub section", "content_type": 94, "codename": "add_subsection"}}, {"model": "auth.permission", "pk": 281, "fields": {"name": "Can change sub section", "content_type": 94, "codename": "change_subsection"}}, {"model": "auth.permission", "pk": 282, "fields": {"name": "Can delete sub section", "content_type": 94, "codename": "delete_subsection"}}, {"model": "auth.permission", "pk": 283, "fields": {"name": "Can add article answers", "content_type": 95, "codename": "add_articleanswers"}}, {"model": "auth.permission", "pk": 284, "fields": {"name": "Can change article answers", "content_type": 95, "codename": "change_articleanswers"}}, {"model": "auth.permission", "pk": 285, "fields": {"name": "Can delete article answers", "content_type": 95, "codename": "delete_articleanswers"}}, {"model": "auth.permission", "pk": 286, "fields": {"name": "Can add article questions", "content_type": 96, "codename": "add_articlequestions"}}, {"model": "auth.permission", "pk": 287, "fields": {"name": "Can change article questions", "content_type": 96, "codename": "change_articlequestions"}}, {"model": "auth.permission", "pk": 288, "fields": {"name": "Can delete article questions", "content_type": 96, "codename": "delete_articlequestions"}}, {"model": "auth.permission", "pk": 289, "fields": {"name": "Can add articles", "content_type": 97, "codename": "add_articles"}}, {"model": "auth.permission", "pk": 290, "fields": {"name": "Can change articles", "content_type": 97, "codename": "change_articles"}}, {"model": "auth.permission", "pk": 291, "fields": {"name": "Can delete articles", "content_type": 97, "codename": "delete_articles"}}, {"model": "auth.permission", "pk": 292, "fields": {"name": "Can add help category", "content_type": 98, "codename": "add_helpcategory"}}, {"model": "auth.permission", "pk": 293, "fields": {"name": "Can change help category", "content_type": 98, "codename": "change_helpcategory"}}, {"model": "auth.permission", "pk": 294, "fields": {"name": "Can delete help category", "content_type": 98, "codename": "delete_helpcategory"}}, {"model": "auth.permission", "pk": 295, "fields": {"name": "Can add submit request", "content_type": 99, "codename": "add_submitrequest"}}, {"model": "auth.permission", "pk": 296, "fields": {"name": "Can change submit request", "content_type": 99, "codename": "change_submitrequest"}}, {"model": "auth.permission", "pk": 297, "fields": {"name": "Can delete submit request", "content_type": 99, "codename": "delete_submitrequest"}}, {"model": "auth.permission", "pk": 298, "fields": {"name": "Can add income tax", "content_type": 100, "codename": "add_incometax"}}, {"model": "auth.permission", "pk": 299, "fields": {"name": "Can change income tax", "content_type": 100, "codename": "change_incometax"}}, {"model": "auth.permission", "pk": 300, "fields": {"name": "Can delete income tax", "content_type": 100, "codename": "delete_incometax"}}, {"model": "auth.permission", "pk": 301, "fields": {"name": "Can add employee master qr", "content_type": 101, "codename": "add_employeemasterqr"}}, {"model": "auth.permission", "pk": 302, "fields": {"name": "Can change employee master qr", "content_type": 101, "codename": "change_employeemasterqr"}}, {"model": "auth.permission", "pk": 303, "fields": {"name": "Can delete employee master qr", "content_type": 101, "codename": "delete_employeemasterqr"}}, {"model": "auth.permission", "pk": 304, "fields": {"name": "Can add stock master qr", "content_type": 102, "codename": "add_stockmasterqr"}}, {"model": "auth.permission", "pk": 305, "fields": {"name": "Can change stock master qr", "content_type": 102, "codename": "change_stockmasterqr"}}, {"model": "auth.permission", "pk": 306, "fields": {"name": "Can delete stock master qr", "content_type": 102, "codename": "delete_stockmasterqr"}}, {"model": "auth.permission", "pk": 307, "fields": {"name": "Can add service", "content_type": 103, "codename": "add_service"}}, {"model": "auth.permission", "pk": 308, "fields": {"name": "Can change service", "content_type": 103, "codename": "change_service"}}, {"model": "auth.permission", "pk": 309, "fields": {"name": "Can delete service", "content_type": 103, "codename": "delete_service"}}, {"model": "auth.permission", "pk": 310, "fields": {"name": "Can add portfolio", "content_type": 104, "codename": "add_portfolio"}}, {"model": "auth.permission", "pk": 311, "fields": {"name": "Can change portfolio", "content_type": 104, "codename": "change_portfolio"}}, {"model": "auth.permission", "pk": 312, "fields": {"name": "Can delete portfolio", "content_type": 104, "codename": "delete_portfolio"}}, {"model": "auth.permission", "pk": 313, "fields": {"name": "Can add team member", "content_type": 105, "codename": "add_teammember"}}, {"model": "auth.permission", "pk": 314, "fields": {"name": "Can change team member", "content_type": 105, "codename": "change_teammember"}}, {"model": "auth.permission", "pk": 315, "fields": {"name": "Can delete team member", "content_type": 105, "codename": "delete_teammember"}}, {"model": "auth.permission", "pk": 316, "fields": {"name": "Can add static page", "content_type": 106, "codename": "add_staticpage"}}, {"model": "auth.permission", "pk": 317, "fields": {"name": "Can change static page", "content_type": 106, "codename": "change_staticpage"}}, {"model": "auth.permission", "pk": 318, "fields": {"name": "Can delete static page", "content_type": 106, "codename": "delete_staticpage"}}, {"model": "auth.permission", "pk": 319, "fields": {"name": "Can add job", "content_type": 107, "codename": "add_job"}}, {"model": "auth.permission", "pk": 320, "fields": {"name": "Can change job", "content_type": 107, "codename": "change_job"}}, {"model": "auth.permission", "pk": 321, "fields": {"name": "Can delete job", "content_type": 107, "codename": "delete_job"}}, {"model": "auth.permission", "pk": 322, "fields": {"name": "Can add resume", "content_type": 108, "codename": "add_resume"}}, {"model": "auth.permission", "pk": 323, "fields": {"name": "Can change resume", "content_type": 108, "codename": "change_resume"}}, {"model": "auth.permission", "pk": 324, "fields": {"name": "Can delete resume", "content_type": 108, "codename": "delete_resume"}}, {"model": "auth.permission", "pk": 325, "fields": {"name": "Can add sale voucher accounts", "content_type": 109, "codename": "add_salevoucheraccounts"}}, {"model": "auth.permission", "pk": 326, "fields": {"name": "Can change sale voucher accounts", "content_type": 109, "codename": "change_salevoucheraccounts"}}, {"model": "auth.permission", "pk": 327, "fields": {"name": "Can delete sale voucher accounts", "content_type": 109, "codename": "delete_salevoucheraccounts"}}, {"model": "auth.permission", "pk": 328, "fields": {"name": "Can add sale term accounts", "content_type": 110, "codename": "add_saletermaccounts"}}, {"model": "auth.permission", "pk": 329, "fields": {"name": "Can change sale term accounts", "content_type": 110, "codename": "change_saletermaccounts"}}, {"model": "auth.permission", "pk": 330, "fields": {"name": "Can delete sale term accounts", "content_type": 110, "codename": "delete_saletermaccounts"}}, {"model": "auth.permission", "pk": 331, "fields": {"name": "Can add sale tax accounts", "content_type": 111, "codename": "add_saletaxaccounts"}}, {"model": "auth.permission", "pk": 332, "fields": {"name": "Can change sale tax accounts", "content_type": 111, "codename": "change_saletaxaccounts"}}, {"model": "auth.permission", "pk": 333, "fields": {"name": "Can delete sale tax accounts", "content_type": 111, "codename": "delete_saletaxaccounts"}}, {"model": "bracketline.bracketlineuser", "pk": 1, "fields": {"password": "argon2$argon2i$v=19$m=512,t=2,p=2$bWt4TjlFUkYwVzdm$Ymmxn+imgVJTc0ry4BhdQQ", "last_login": "2019-08-24T08:41:27.205Z", "is_superuser": true, "username": "niladry", "first_name": "", "last_name": "", "email": "", "is_staff": true, "is_active": true, "date_joined": "2019-08-19T11:16:03.945Z", "term_accepted": true, "groups": [], "user_permissions": []}}, {"model": "bracketline.bracketlineuser", "pk": 2, "fields": {"password": "!lrrgxdqVUPVQ5osalLl6sFpJmDNAg0Rw0u0qXCSq", "last_login": "2019-08-21T12:44:37.380Z", "is_superuser": false, "username": "niladry.kar85", "first_name": "Niladry", "last_name": "Kar", "email": "niladry.kar85@gmail.com", "is_staff": false, "is_active": true, "date_joined": "2019-08-21T12:44:37.248Z", "term_accepted": true, "groups": [], "user_permissions": []}}, {"model": "company.organisation", "pk": 1, "fields": {"user": 1, "counter": 1, "url_hash": "PU-1-P-1-O1", "name": "Mira Tyres", "created_date": "2019-08-19", "modified_date": "2019-08-21", "address": "2no rail gate,Habra", "country": 12, "state": 37, "telephone_no": null, "mobile_no": "7602053988", "logo": "", "cover": ""}}, {"model": "company.organisation", "pk": 3, "fields": {"user": 1, "counter": 2, "url_hash": "PU-1-P-1-O2", "name": "Courier", "created_date": "2019-08-24", "modified_date": "2019-08-24", "address": "", "country": 12, "state": 1, "telephone_no": null, "mobile_no": null, "logo": "", "cover": ""}}, {"model": "company.company", "pk": 1, "fields": {"user": 1, "counter": 2, "url_hash": "PU-1-P-1-C2", "organisation": 1, "created_date": "2019-08-19", "modified_date": "2019-08-24", "bussiness_nature": "Retail", "maintain": "Accounts Only", "type_of_company": "Individual", "financial_year_from": "1st:April-31st:March", "books_begining_from": "2019-08-19", "gst": null, "gst_enabled": "Yes", "gst_registration_type": "Regular", "pan_no": null, "capital": "0.00", "asset": "0.00", "pl": "-326400.00", "is_other_territory": false, "way_bill": "No", "threshold_limit_inc": "Invoice value", "interstate_apl": "No", "threshold_limit": "0.00", "intrastate_apl": "No", "threshold_limit_intra": "0.00", "adv_receipt_tax": false, "tax_liability": false, "set_or_alter_gst": "Yes", "hsn": "358940", "taxability": "Taxable", "reverse_charge": "No", "input_credit": "No", "integrated_tax": "16.00", "central_tax": "8.00", "state_tax": "8.00", "cess": "0.00", "provide_lut": "No", "lut_bond_no": "", "gst_applicable": "2019-08-19", "applicable_from": "2019-08-19", "applicable_to": "2019-08-19", "tax_rate": "0.00", "purchase_tax": "No", "auditor": [], "accountant": [], "purchase_personel": [], "sale_personel": [], "cb_personal": []}}, {"model": "company.company", "pk": 2, "fields": {"user": 1, "counter": 3, "url_hash": "PU-1-P-1-C3", "organisation": 3, "created_date": "2019-08-24", "modified_date": "2019-08-24", "bussiness_nature": "Retail", "maintain": "Accounts with Inventory", "type_of_company": "Individual", "financial_year_from": "1st:April-31st:March", "books_begining_from": "2019-08-24", "gst": null, "gst_enabled": "Yes", "gst_registration_type": "Regular", "pan_no": null, "capital": "0.00", "asset": "0.00", "pl": "0.00", "is_other_territory": false, "way_bill": "No", "threshold_limit_inc": "Invoice value", "interstate_apl": "No", "threshold_limit": "0.00", "intrastate_apl": "No", "threshold_limit_intra": "0.00", "adv_receipt_tax": false, "tax_liability": false, "set_or_alter_gst": "Yes", "hsn": "", "taxability": "Unknown", "reverse_charge": "No", "input_credit": "No", "integrated_tax": "0.00", "central_tax": "0.00", "state_tax": "0.00", "cess": "0.00", "provide_lut": "No", "lut_bond_no": "", "gst_applicable": "2019-08-24", "applicable_from": "2019-08-24", "applicable_to": "2019-08-24", "tax_rate": "0.00", "purchase_tax": "No", "auditor": [], "accountant": [], "purchase_personel": [], "sale_personel": [], "cb_personal": []}}, {"model": "accounting_entry.periodselected", "pk": 1, "fields": {"user": 1, "start_date": "2019-04-01", "end_date": "2020-03-31"}}, {"model": "accounting_entry.ledgergroup", "pk": 1, "fields": {"counter": 1, "url_hash": "PU-1-P-1-C2-AG1", "user": 1, "group_name": "Primary", "company": 1, "self_group": null, "group_base": 1}}, {"model": "accounting_entry.ledgergroup", "pk": 2, "fields": {"counter": 2, "url_hash": "PU-1-P-1-C2-AG2", "user": 1, "group_name": "Capital Account", "company": 1, "self_group": 1, "group_base": 5}}, {"model": "accounting_entry.ledgergroup", "pk": 3, "fields": {"counter": 3, "url_hash": "PU-1-P-1-C2-AG3", "user": 1, "group_name": "Current Assets", "company": 1, "self_group": 1, "group_base": 7}}, {"model": "accounting_entry.ledgergroup", "pk": 4, "fields": {"counter": 4, "url_hash": "PU-1-P-1-C2-AG4", "user": 1, "group_name": "Current Liabilities", "company": 1, "self_group": 1, "group_base": 8}}, {"model": "accounting_entry.ledgergroup", "pk": 5, "fields": {"counter": 5, "url_hash": "PU-1-P-1-C2-AG5", "user": 1, "group_name": "Loans (Liability)", "company": 1, "self_group": 1, "group_base": 18}}, {"model": "accounting_entry.ledgergroup", "pk": 6, "fields": {"counter": 6, "url_hash": "PU-1-P-1-C2-AG6", "user": 1, "group_name": "Bank Accounts", "company": 1, "self_group": 3, "group_base": 2}}, {"model": "accounting_entry.ledgergroup", "pk": 7, "fields": {"counter": 7, "url_hash": "PU-1-P-1-C2-AG7", "user": 1, "group_name": "Bank OD A/c", "company": 1, "self_group": 5, "group_base": 3}}, {"model": "accounting_entry.ledgergroup", "pk": 8, "fields": {"counter": 8, "url_hash": "PU-1-P-1-C2-AG8", "user": 1, "group_name": "Branch / Divisions", "company": 1, "self_group": 1, "group_base": 4}}, {"model": "accounting_entry.ledgergroup", "pk": 9, "fields": {"counter": 9, "url_hash": "PU-1-P-1-C2-AG9", "user": 1, "group_name": "Cash-in-Hand", "company": 1, "self_group": 3, "group_base": 6}}, {"model": "accounting_entry.ledgergroup", "pk": 10, "fields": {"counter": 10, "url_hash": "PU-1-P-1-C2-AG10", "user": 1, "group_name": "Deposits (Asset)", "company": 1, "self_group": 3, "group_base": 9}}, {"model": "accounting_entry.ledgergroup", "pk": 11, "fields": {"counter": 11, "url_hash": "PU-1-P-1-C2-AG11", "user": 1, "group_name": "Direct Expenses", "company": 1, "self_group": 1, "group_base": 10}}, {"model": "accounting_entry.ledgergroup", "pk": 12, "fields": {"counter": 12, "url_hash": "PU-1-P-1-C2-AG12", "user": 1, "group_name": "Direct Incomes", "company": 1, "self_group": 1, "group_base": 11}}, {"model": "accounting_entry.ledgergroup", "pk": 13, "fields": {"counter": 13, "url_hash": "PU-1-P-1-C2-AG13", "user": 1, "group_name": "Duties & Taxes", "company": 1, "self_group": 4, "group_base": 12}}, {"model": "accounting_entry.ledgergroup", "pk": 14, "fields": {"counter": 14, "url_hash": "PU-1-P-1-C2-AG14", "user": 1, "group_name": "Fixed Assets", "company": 1, "self_group": 1, "group_base": 13}}, {"model": "accounting_entry.ledgergroup", "pk": 15, "fields": {"counter": 15, "url_hash": "PU-1-P-1-C2-AG15", "user": 1, "group_name": "Indirect Expenses", "company": 1, "self_group": 1, "group_base": 14}}, {"model": "accounting_entry.ledgergroup", "pk": 16, "fields": {"counter": 16, "url_hash": "PU-1-P-1-C2-AG16", "user": 1, "group_name": "Indirect Incomes", "company": 1, "self_group": 1, "group_base": 15}}, {"model": "accounting_entry.ledgergroup", "pk": 17, "fields": {"counter": 17, "url_hash": "PU-1-P-1-C2-AG17", "user": 1, "group_name": "Investments", "company": 1, "self_group": 1, "group_base": 16}}, {"model": "accounting_entry.ledgergroup", "pk": 18, "fields": {"counter": 18, "url_hash": "PU-1-P-1-C2-AG18", "user": 1, "group_name": "Loans & Advances (Asset)", "company": 1, "self_group": 3, "group_base": 17}}, {"model": "accounting_entry.ledgergroup", "pk": 19, "fields": {"counter": 19, "url_hash": "PU-1-P-1-C2-AG19", "user": 1, "group_name": "Misc. Expenses (ASSET)", "company": 1, "self_group": 1, "group_base": 19}}, {"model": "accounting_entry.ledgergroup", "pk": 20, "fields": {"counter": 20, "url_hash": "PU-1-P-1-C2-AG20", "user": 1, "group_name": "Provisions", "company": 1, "self_group": 4, "group_base": 20}}, {"model": "accounting_entry.ledgergroup", "pk": 21, "fields": {"counter": 21, "url_hash": "PU-1-P-1-C2-AG21", "user": 1, "group_name": "Purchase Accounts", "company": 1, "self_group": 1, "group_base": 21}}, {"model": "accounting_entry.ledgergroup", "pk": 22, "fields": {"counter": 22, "url_hash": "PU-1-P-1-C2-AG22", "user": 1, "group_name": "Reserves & Surplus", "company": 1, "self_group": 1, "group_base": 22}}, {"model": "accounting_entry.ledgergroup", "pk": 23, "fields": {"counter": 23, "url_hash": "PU-1-P-1-C2-AG23", "user": 1, "group_name": "Sales Accounts", "company": 1, "self_group": 1, "group_base": 23}}, {"model": "accounting_entry.ledgergroup", "pk": 24, "fields": {"counter": 24, "url_hash": "PU-1-P-1-C2-AG24", "user": 1, "group_name": "Secured Loans", "company": 1, "self_group": 5, "group_base": 24}}, {"model": "accounting_entry.ledgergroup", "pk": 25, "fields": {"counter": 25, "url_hash": "PU-1-P-1-C2-AG25", "user": 1, "group_name": "Stock-in-Hand", "company": 1, "self_group": 3, "group_base": 25}}, {"model": "accounting_entry.ledgergroup", "pk": 26, "fields": {"counter": 26, "url_hash": "PU-1-P-1-C2-AG26", "user": 1, "group_name": "Sundry Creditors", "company": 1, "self_group": 4, "group_base": 26}}, {"model": "accounting_entry.ledgergroup", "pk": 27, "fields": {"counter": 27, "url_hash": "PU-1-P-1-C2-AG27", "user": 1, "group_name": "Sundry Debtors", "company": 1, "self_group": 3, "group_base": 27}}, {"model": "accounting_entry.ledgergroup", "pk": 28, "fields": {"counter": 28, "url_hash": "PU-1-P-1-C2-AG28", "user": 1, "group_name": "Suspense A/c", "company": 1, "self_group": 1, "group_base": 28}}, {"model": "accounting_entry.ledgergroup", "pk": 29, "fields": {"counter": 29, "url_hash": "PU-1-P-1-C2-AG29", "user": 1, "group_name": "Unsecured Loans", "company": 1, "self_group": 5, "group_base": 29}}, {"model": "accounting_entry.ledgergroup", "pk": 30, "fields": {"counter": 30, "url_hash": "PU-1-P-1-C2-AG30", "user": 1, "group_name": "Mobile", "company": 1, "self_group": 27, "group_base": 27}}, {"model": "accounting_entry.ledgergroup", "pk": 31, "fields": {"counter": 1, "url_hash": "PU-1-P-1-C3-AG1", "user": 1, "group_name": "Primary", "company": 2, "self_group": null, "group_base": 1}}, {"model": "accounting_entry.ledgergroup", "pk": 32, "fields": {"counter": 2, "url_hash": "PU-1-P-1-C3-AG2", "user": 1, "group_name": "Capital Account", "company": 2, "self_group": 31, "group_base": 5}}, {"model": "accounting_entry.ledgergroup", "pk": 33, "fields": {"counter": 3, "url_hash": "PU-1-P-1-C3-AG3", "user": 1, "group_name": "Current Assets", "company": 2, "self_group": 31, "group_base": 7}}, {"model": "accounting_entry.ledgergroup", "pk": 34, "fields": {"counter": 4, "url_hash": "PU-1-P-1-C3-AG4", "user": 1, "group_name": "Current Liabilities", "company": 2, "self_group": 31, "group_base": 8}}, {"model": "accounting_entry.ledgergroup", "pk": 35, "fields": {"counter": 5, "url_hash": "PU-1-P-1-C3-AG5", "user": 1, "group_name": "Loans (Liability)", "company": 2, "self_group": 31, "group_base": 18}}, {"model": "accounting_entry.ledgergroup", "pk": 36, "fields": {"counter": 6, "url_hash": "PU-1-P-1-C3-AG6", "user": 1, "group_name": "Bank Accounts", "company": 2, "self_group": 33, "group_base": 2}}, {"model": "accounting_entry.ledgergroup", "pk": 37, "fields": {"counter": 7, "url_hash": "PU-1-P-1-C3-AG7", "user": 1, "group_name": "Bank OD A/c", "company": 2, "self_group": 35, "group_base": 3}}, {"model": "accounting_entry.ledgergroup", "pk": 38, "fields": {"counter": 8, "url_hash": "PU-1-P-1-C3-AG8", "user": 1, "group_name": "Branch / Divisions", "company": 2, "self_group": 31, "group_base": 4}}, {"model": "accounting_entry.ledgergroup", "pk": 39, "fields": {"counter": 9, "url_hash": "PU-1-P-1-C3-AG9", "user": 1, "group_name": "Cash-in-Hand", "company": 2, "self_group": 33, "group_base": 6}}, {"model": "accounting_entry.ledgergroup", "pk": 40, "fields": {"counter": 10, "url_hash": "PU-1-P-1-C3-AG10", "user": 1, "group_name": "Deposits (Asset)", "company": 2, "self_group": 33, "group_base": 9}}, {"model": "accounting_entry.ledgergroup", "pk": 41, "fields": {"counter": 11, "url_hash": "PU-1-P-1-C3-AG11", "user": 1, "group_name": "Direct Expenses", "company": 2, "self_group": 31, "group_base": 10}}, {"model": "accounting_entry.ledgergroup", "pk": 42, "fields": {"counter": 12, "url_hash": "PU-1-P-1-C3-AG12", "user": 1, "group_name": "Direct Incomes", "company": 2, "self_group": 31, "group_base": 11}}, {"model": "accounting_entry.ledgergroup", "pk": 43, "fields": {"counter": 13, "url_hash": "PU-1-P-1-C3-AG13", "user": 1, "group_name": "Duties & Taxes", "company": 2, "self_group": 34, "group_base": 12}}, {"model": "accounting_entry.ledgergroup", "pk": 44, "fields": {"counter": 14, "url_hash": "PU-1-P-1-C3-AG14", "user": 1, "group_name": "Fixed Assets", "company": 2, "self_group": 31, "group_base": 13}}, {"model": "accounting_entry.ledgergroup", "pk": 45, "fields": {"counter": 15, "url_hash": "PU-1-P-1-C3-AG15", "user": 1, "group_name": "Indirect Expenses", "company": 2, "self_group": 31, "group_base": 14}}, {"model": "accounting_entry.ledgergroup", "pk": 46, "fields": {"counter": 16, "url_hash": "PU-1-P-1-C3-AG16", "user": 1, "group_name": "Indirect Incomes", "company": 2, "self_group": 31, "group_base": 15}}, {"model": "accounting_entry.ledgergroup", "pk": 47, "fields": {"counter": 17, "url_hash": "PU-1-P-1-C3-AG17", "user": 1, "group_name": "Investments", "company": 2, "self_group": 31, "group_base": 16}}, {"model": "accounting_entry.ledgergroup", "pk": 48, "fields": {"counter": 18, "url_hash": "PU-1-P-1-C3-AG18", "user": 1, "group_name": "Loans & Advances (Asset)", "company": 2, "self_group": 33, "group_base": 17}}, {"model": "accounting_entry.ledgergroup", "pk": 49, "fields": {"counter": 19, "url_hash": "PU-1-P-1-C3-AG19", "user": 1, "group_name": "Misc. Expenses (ASSET)", "company": 2, "self_group": 31, "group_base": 19}}, {"model": "accounting_entry.ledgergroup", "pk": 50, "fields": {"counter": 20, "url_hash": "PU-1-P-1-C3-AG20", "user": 1, "group_name": "Provisions", "company": 2, "self_group": 34, "group_base": 20}}, {"model": "accounting_entry.ledgergroup", "pk": 51, "fields": {"counter": 21, "url_hash": "PU-1-P-1-C3-AG21", "user": 1, "group_name": "Purchase Accounts", "company": 2, "self_group": 31, "group_base": 21}}, {"model": "accounting_entry.ledgergroup", "pk": 52, "fields": {"counter": 22, "url_hash": "PU-1-P-1-C3-AG22", "user": 1, "group_name": "Reserves & Surplus", "company": 2, "self_group": 31, "group_base": 22}}, {"model": "accounting_entry.ledgergroup", "pk": 53, "fields": {"counter": 23, "url_hash": "PU-1-P-1-C3-AG23", "user": 1, "group_name": "Sales Accounts", "company": 2, "self_group": 31, "group_base": 23}}, {"model": "accounting_entry.ledgergroup", "pk": 54, "fields": {"counter": 24, "url_hash": "PU-1-P-1-C3-AG24", "user": 1, "group_name": "Secured Loans", "company": 2, "self_group": 35, "group_base": 24}}, {"model": "accounting_entry.ledgergroup", "pk": 55, "fields": {"counter": 25, "url_hash": "PU-1-P-1-C3-AG25", "user": 1, "group_name": "Stock-in-Hand", "company": 2, "self_group": 33, "group_base": 25}}, {"model": "accounting_entry.ledgergroup", "pk": 56, "fields": {"counter": 26, "url_hash": "PU-1-P-1-C3-AG26", "user": 1, "group_name": "Sundry Creditors", "company": 2, "self_group": 34, "group_base": 26}}, {"model": "accounting_entry.ledgergroup", "pk": 57, "fields": {"counter": 27, "url_hash": "PU-1-P-1-C3-AG27", "user": 1, "group_name": "Sundry Debtors", "company": 2, "self_group": 33, "group_base": 27}}, {"model": "accounting_entry.ledgergroup", "pk": 58, "fields": {"counter": 28, "url_hash": "PU-1-P-1-C3-AG28", "user": 1, "group_name": "Suspense A/c", "company": 2, "self_group": 31, "group_base": 28}}, {"model": "accounting_entry.ledgergroup", "pk": 59, "fields": {"counter": 29, "url_hash": "PU-1-P-1-C3-AG29", "user": 1, "group_name": "Unsecured Loans", "company": 2, "self_group": 35, "group_base": 29}}, {"model": "accounting_entry.ledgermaster", "pk": 1, "fields": {"user": 1, "company": 1, "counter": 1, "url_hash": "PU-1-P-1-C2-AL1", "ledger_name": "Cash", "ledger_group": 9, "opening_balance": "0.00", "balance_opening": "0.00", "party_name": "", "address": "", "city": "", "country": null, "state": null, "pin_code": "", "pan_no": "", "gst_no": "", "closing_balance": "0.00", "account_holder_name": "", "account_no": "", "ifsc_code": "", "bank_name": "", "branch": "", "duty_tax_type": "Others", "tax_type": "", "assessable_value": "Not Applicable", "appropiate_to": "Both", "calculation_method": "Based on Value", "gst_applicable": "Not Applicable", "set_or_alter_gst": "No", "set_or_alter_gst_tax": "No", "supply_type": "Goods", "registration_type": "Unregistered", "is_eoperator": "No", "deemed_expoter": "No", "party_type": "Not Applicable", "is_transporter": "No", "transporter_id": "", "hsn_desc": "", "hsn_no": "", "is_non_gst": "No", "nature_transactions_purchase": "Not Applicable", "nature_transactions_sales": "Not Applicable", "goods_nature": "Not Applicable", "taxability": "Unknown", "integrated_tax": "0.00", "central_tax": "0.00", "state_tax": "0.00", "cess": "0.00"}}, {"model": "accounting_entry.ledgermaster", "pk": 2, "fields": {"user": 1, "company": 1, "counter": 2, "url_hash": "PU-1-P-1-C2-AL2", "ledger_name": "Profit & Loss A/c", "ledger_group": 1, "opening_balance": "0.00", "balance_opening": "0.00", "party_name": "", "address": "", "city": "", "country": null, "state": null, "pin_code": "", "pan_no": "", "gst_no": "", "closing_balance": "0.00", "account_holder_name": "", "account_no": "", "ifsc_code": "", "bank_name": "", "branch": "", "duty_tax_type": "Others", "tax_type": "", "assessable_value": "Not Applicable", "appropiate_to": "Both", "calculation_method": "Based on Value", "gst_applicable": "Not Applicable", "set_or_alter_gst": "No", "set_or_alter_gst_tax": "No", "supply_type": "Goods", "registration_type": "Unregistered", "is_eoperator": "No", "deemed_expoter": "No", "party_type": "Not Applicable", "is_transporter": "No", "transporter_id": "", "hsn_desc": "", "hsn_no": "", "is_non_gst": "No", "nature_transactions_purchase": "Not Applicable", "nature_transactions_sales": "Not Applicable", "goods_nature": "Not Applicable", "taxability": "Unknown", "integrated_tax": "0.00", "central_tax": "0.00", "state_tax": "0.00", "cess": "0.00"}}, {"model": "accounting_entry.ledgermaster", "pk": 5, "fields": {"user": 1, "company": 1, "counter": 3, "url_hash": "PU-1-P-1-C2-AL3", "ledger_name": "Samsung", "ledger_group": 30, "opening_balance": "0.00", "balance_opening": "0.00", "party_name": "Samsung", "address": "", "city": "", "country": null, "state": 4, "pin_code": "", "pan_no": "", "gst_no": "", "closing_balance": "202084.00", "account_holder_name": "", "account_no": "", "ifsc_code": "", "bank_name": "", "branch": "", "duty_tax_type": "Others", "tax_type": "", "assessable_value": "Not Applicable", "appropiate_to": "Both", "calculation_method": "Based on Value", "gst_applicable": "Not Applicable", "set_or_alter_gst": "No", "set_or_alter_gst_tax": "Yes", "supply_type": "Goods", "registration_type": "Unregistered", "is_eoperator": "No", "deemed_expoter": "No", "party_type": "Not Applicable", "is_transporter": "No", "transporter_id": "", "hsn_desc": "", "hsn_no": "", "is_non_gst": "No", "nature_transactions_purchase": "Not Applicable", "nature_transactions_sales": "Not Applicable", "goods_nature": "Not Applicable", "taxability": "Unknown", "integrated_tax": "0.00", "central_tax": "0.00", "state_tax": "0.00", "cess": "0.00"}}, {"model": "accounting_entry.ledgermaster", "pk": 6, "fields": {"user": 1, "company": 1, "counter": 4, "url_hash": "PU-1-P-1-C2-AL4", "ledger_name": "IGST", "ledger_group": 13, "opening_balance": "0.00", "balance_opening": "0.00", "party_name": "", "address": "", "city": "", "country": null, "state": null, "pin_code": "", "pan_no": "", "gst_no": "", "closing_balance": "-68966.00", "account_holder_name": "", "account_no": "", "ifsc_code": "", "bank_name": "", "branch": "", "duty_tax_type": "GST", "tax_type": "Integrated Tax", "assessable_value": "Not Applicable", "appropiate_to": "Both", "calculation_method": "Based on Value", "gst_applicable": "Not Applicable", "set_or_alter_gst": "No", "set_or_alter_gst_tax": "No", "supply_type": "Goods", "registration_type": "Unregistered", "is_eoperator": "No", "deemed_expoter": "No", "party_type": "Not Applicable", "is_transporter": "No", "transporter_id": "", "hsn_desc": "", "hsn_no": "", "is_non_gst": "No", "nature_transactions_purchase": "Not Applicable", "nature_transactions_sales": "Not Applicable", "goods_nature": "Not Applicable", "taxability": "Unknown", "integrated_tax": "0.00", "central_tax": "0.00", "state_tax": "0.00", "cess": "0.00"}}, {"model": "accounting_entry.ledgermaster", "pk": 7, "fields": {"user": 1, "company": 1, "counter": 5, "url_hash": "PU-1-P-1-C2-AL5", "ledger_name": "Vivo Distributers", "ledger_group": 26, "opening_balance": "0.00", "balance_opening": "0.00", "party_name": "Vivo Distributers", "address": "", "city": "", "country": null, "state": 37, "pin_code": "", "pan_no": "", "gst_no": "", "closing_balance": "601370.00", "account_holder_name": "", "account_no": "", "ifsc_code": "", "bank_name": "", "branch": "", "duty_tax_type": "Others", "tax_type": "", "assessable_value": "Not Applicable", "appropiate_to": "Both", "calculation_method": "Based on Value", "gst_applicable": "Not Applicable", "set_or_alter_gst": "No", "set_or_alter_gst_tax": "Yes", "supply_type": "Goods", "registration_type": "Regular", "is_eoperator": "No", "deemed_expoter": "No", "party_type": "Not Applicable", "is_transporter": "No", "transporter_id": "", "hsn_desc": "", "hsn_no": "", "is_non_gst": "No", "nature_transactions_purchase": "Not Applicable", "nature_transactions_sales": "Not Applicable", "goods_nature": "Not Applicable", "taxability": "Unknown", "integrated_tax": "0.00", "central_tax": "0.00", "state_tax": "0.00", "cess": "0.00"}}, {"model": "accounting_entry.ledgermaster", "pk": 8, "fields": {"user": 1, "company": 1, "counter": 6, "url_hash": "PU-1-P-1-C2-AL6", "ledger_name": "Sales Interstate", "ledger_group": 23, "opening_balance": "0.00", "balance_opening": "0.00", "party_name": "", "address": "", "city": "", "country": null, "state": null, "pin_code": "", "pan_no": "", "gst_no": "", "closing_balance": "196400.00", "account_holder_name": "", "account_no": "", "ifsc_code": "", "bank_name": "", "branch": "", "duty_tax_type": "Others", "tax_type": "", "assessable_value": "Not Applicable", "appropiate_to": "Both", "calculation_method": "Based on Value", "gst_applicable": "Applicable", "set_or_alter_gst": "Yes", "set_or_alter_gst_tax": "No", "supply_type": "Goods", "registration_type": "Unregistered", "is_eoperator": "No", "deemed_expoter": "No", "party_type": "Not Applicable", "is_transporter": "No", "transporter_id": "", "hsn_desc": "", "hsn_no": "4544", "is_non_gst": "No", "nature_transactions_purchase": "Not Applicable", "nature_transactions_sales": "Interstate Sales - Taxable", "goods_nature": "Not Applicable", "taxability": "Taxable", "integrated_tax": "19.00", "central_tax": "9.50", "state_tax": "9.50", "cess": "19.00"}}, {"model": "accounting_entry.ledgermaster", "pk": 9, "fields": {"user": 1, "company": 1, "counter": 7, "url_hash": "PU-1-P-1-C2-AL7", "ledger_name": "Purchase Interstate", "ledger_group": 21, "opening_balance": "0.00", "balance_opening": "0.00", "party_name": "", "address": "", "city": "", "country": null, "state": null, "pin_code": "", "pan_no": "", "gst_no": "", "closing_balance": "523800.00", "account_holder_name": "", "account_no": "", "ifsc_code": "", "bank_name": "", "branch": "", "duty_tax_type": "Others", "tax_type": "", "assessable_value": "Not Applicable", "appropiate_to": "Both", "calculation_method": "Based on Value", "gst_applicable": "Applicable", "set_or_alter_gst": "Yes", "set_or_alter_gst_tax": "No", "supply_type": "Goods", "registration_type": "Unregistered", "is_eoperator": "No", "deemed_expoter": "No", "party_type": "Not Applicable", "is_transporter": "No", "transporter_id": "", "hsn_desc": "", "hsn_no": "7878", "is_non_gst": "No", "nature_transactions_purchase": "Interstate Purchase - Taxable", "nature_transactions_sales": "Not Applicable", "goods_nature": "Not Applicable", "taxability": "Taxable", "integrated_tax": "15.00", "central_tax": "7.50", "state_tax": "7.50", "cess": "0.00"}}, {"model": "accounting_entry.ledgermaster", "pk": 10, "fields": {"user": 1, "company": 1, "counter": 8, "url_hash": "PU-1-P-1-C2-AL8", "ledger_name": "SBI", "ledger_group": 6, "opening_balance": "0.00", "balance_opening": "0.00", "party_name": "", "address": "", "city": "", "country": null, "state": 37, "pin_code": "", "pan_no": "", "gst_no": "", "closing_balance": "-1000.00", "account_holder_name": "State Bank Of India", "account_no": "", "ifsc_code": "", "bank_name": "", "branch": "", "duty_tax_type": "Others", "tax_type": "", "assessable_value": "Not Applicable", "appropiate_to": "Both", "calculation_method": "Based on Value", "gst_applicable": "Not Applicable", "set_or_alter_gst": "No", "set_or_alter_gst_tax": "No", "supply_type": "Goods", "registration_type": "Unregistered", "is_eoperator": "No", "deemed_expoter": "No", "party_type": "Not Applicable", "is_transporter": "No", "transporter_id": "", "hsn_desc": "", "hsn_no": "", "is_non_gst": "No", "nature_transactions_purchase": "Not Applicable", "nature_transactions_sales": "Not Applicable", "goods_nature": "Not Applicable", "taxability": "Unknown", "integrated_tax": "0.00", "central_tax": "0.00", "state_tax": "0.00", "cess": "0.00"}}, {"model": "accounting_entry.ledgermaster", "pk": 12, "fields": {"user": 1, "company": 1, "counter": 9, "url_hash": "PU-1-P-1-C2-AL9", "ledger_name": "Django Sarees", "ledger_group": 26, "opening_balance": "0.00", "balance_opening": "0.00", "party_name": "Django Sarees", "address": "", "city": "", "country": null, "state": 37, "pin_code": "", "pan_no": "", "gst_no": "", "closing_balance": "0.00", "account_holder_name": "", "account_no": "", "ifsc_code": "", "bank_name": "", "branch": "", "duty_tax_type": "Others", "tax_type": "", "assessable_value": "Not Applicable", "appropiate_to": "Both", "calculation_method": "Based on Value", "gst_applicable": "Not Applicable", "set_or_alter_gst": "No", "set_or_alter_gst_tax": "Yes", "supply_type": "Goods", "registration_type": "Consumer", "is_eoperator": "No", "deemed_expoter": "No", "party_type": "Not Applicable", "is_transporter": "No", "transporter_id": "", "hsn_desc": "", "hsn_no": "", "is_non_gst": "No", "nature_transactions_purchase": "Not Applicable", "nature_transactions_sales": "Not Applicable", "goods_nature": "Not Applicable", "taxability": "Unknown", "integrated_tax": "0.00", "central_tax": "0.00", "state_tax": "0.00", "cess": "0.00"}}, {"model": "accounting_entry.ledgermaster", "pk": 13, "fields": {"user": 1, "company": 1, "counter": 10, "url_hash": "PU-1-P-1-C2-AL10", "ledger_name": "Freight Charges", "ledger_group": 15, "opening_balance": "0.00", "balance_opening": "0.00", "party_name": "", "address": "", "city": "", "country": null, "state": null, "pin_code": "", "pan_no": "", "gst_no": "", "closing_balance": "-1000.00", "account_holder_name": "", "account_no": "", "ifsc_code": "", "bank_name": "", "branch": "", "duty_tax_type": "Others", "tax_type": "", "assessable_value": "Not Applicable", "appropiate_to": "Both", "calculation_method": "Based on Value", "gst_applicable": "Applicable", "set_or_alter_gst": "Yes", "set_or_alter_gst_tax": "No", "supply_type": "Goods", "registration_type": "Unregistered", "is_eoperator": "No", "deemed_expoter": "No", "party_type": "Not Applicable", "is_transporter": "No", "transporter_id": "", "hsn_desc": "", "hsn_no": "4569", "is_non_gst": "No", "nature_transactions_purchase": "Interstate Purchase - Taxable", "nature_transactions_sales": "Not Applicable", "goods_nature": "Not Applicable", "taxability": "Unknown", "integrated_tax": "0.00", "central_tax": "0.00", "state_tax": "0.00", "cess": "0.00"}}, {"model": "accounting_entry.ledgermaster", "pk": 14, "fields": {"user": 1, "company": 1, "counter": 11, "url_hash": "PU-1-P-1-C2-AL11", "ledger_name": "Transportation Charges", "ledger_group": 11, "opening_balance": "0.00", "balance_opening": "0.00", "party_name": "", "address": "", "city": "", "country": null, "state": null, "pin_code": "", "pan_no": "", "gst_no": "", "closing_balance": "0.00", "account_holder_name": "", "account_no": "", "ifsc_code": "", "bank_name": "", "branch": "", "duty_tax_type": "Others", "tax_type": "", "assessable_value": "Not Applicable", "appropiate_to": "Both", "calculation_method": "Based on Value", "gst_applicable": "Applicable", "set_or_alter_gst": "Yes", "set_or_alter_gst_tax": "No", "supply_type": "Services", "registration_type": "Unregistered", "is_eoperator": "No", "deemed_expoter": "No", "party_type": "Not Applicable", "is_transporter": "No", "transporter_id": "", "hsn_desc": "", "hsn_no": "85965", "is_non_gst": "No", "nature_transactions_purchase": "Imports Exempt", "nature_transactions_sales": "Not Applicable", "goods_nature": "Not Applicable", "taxability": "Exempt", "integrated_tax": "0.00", "central_tax": "0.00", "state_tax": "0.00", "cess": "0.00"}}, {"model": "accounting_entry.ledgermaster", "pk": 15, "fields": {"user": 1, "company": 2, "counter": 1, "url_hash": "PU-1-P-1-C3-AL1", "ledger_name": "Cash", "ledger_group": 39, "opening_balance": "0.00", "balance_opening": "0.00", "party_name": "", "address": "", "city": "", "country": null, "state": null, "pin_code": "", "pan_no": "", "gst_no": "", "closing_balance": "0.00", "account_holder_name": "", "account_no": "", "ifsc_code": "", "bank_name": "", "branch": "", "duty_tax_type": "Others", "tax_type": "", "assessable_value": "Not Applicable", "appropiate_to": "Both", "calculation_method": "Based on Value", "gst_applicable": "Not Applicable", "set_or_alter_gst": "No", "set_or_alter_gst_tax": "No", "supply_type": "Goods", "registration_type": "Unregistered", "is_eoperator": "No", "deemed_expoter": "No", "party_type": "Not Applicable", "is_transporter": "No", "transporter_id": "", "hsn_desc": "", "hsn_no": "", "is_non_gst": "No", "nature_transactions_purchase": "Not Applicable", "nature_transactions_sales": "Not Applicable", "goods_nature": "Not Applicable", "taxability": "Unknown", "integrated_tax": "0.00", "central_tax": "0.00", "state_tax": "0.00", "cess": "0.00"}}, {"model": "accounting_entry.ledgermaster", "pk": 16, "fields": {"user": 1, "company": 2, "counter": 2, "url_hash": "PU-1-P-1-C3-AL2", "ledger_name": "Profit & Loss A/c", "ledger_group": 31, "opening_balance": "0.00", "balance_opening": "0.00", "party_name": "", "address": "", "city": "", "country": null, "state": null, "pin_code": "", "pan_no": "", "gst_no": "", "closing_balance": "0.00", "account_holder_name": "", "account_no": "", "ifsc_code": "", "bank_name": "", "branch": "", "duty_tax_type": "Others", "tax_type": "", "assessable_value": "Not Applicable", "appropiate_to": "Both", "calculation_method": "Based on Value", "gst_applicable": "Not Applicable", "set_or_alter_gst": "No", "set_or_alter_gst_tax": "No", "supply_type": "Goods", "registration_type": "Unregistered", "is_eoperator": "No", "deemed_expoter": "No", "party_type": "Not Applicable", "is_transporter": "No", "transporter_id": "", "hsn_desc": "", "hsn_no": "", "is_non_gst": "No", "nature_transactions_purchase": "Not Applicable", "nature_transactions_sales": "Not Applicable", "goods_nature": "Not Applicable", "taxability": "Unknown", "integrated_tax": "0.00", "central_tax": "0.00", "state_tax": "0.00", "cess": "0.00"}}, {"model": "accounting_entry.journalvoucher", "pk": 1, "fields": {"user": 1, "company": 1, "counter": 3, "url_hash": "PU-1-P-1-C2-PV1", "voucher_date": "2019-08-19", "voucher_id": 1, "voucher_type": "PurchaseVoucher", "dr_ledger": 9, "cr_ledger": 7, "amount": "523800.00", "narration": ""}}, {"model": "accounting_entry.journalvoucher", "pk": 2, "fields": {"user": 1, "company": 1, "counter": 3, "url_hash": "PU-1-P-1-C2-AJ2", "voucher_date": "2019-08-19", "voucher_id": 1, "voucher_type": "Tax_against_Purchase", "dr_ledger": 6, "cr_ledger": 7, "amount": "78570.00", "narration": ""}}, {"model": "accounting_entry.journalvoucher", "pk": 3, "fields": {"user": 1, "company": 1, "counter": 5, "url_hash": "PU-1-P-1-C2-SS1", "voucher_date": "2019-08-19", "voucher_id": 1, "voucher_type": "Sales", "dr_ledger": 5, "cr_ledger": 8, "amount": "156800.00", "narration": ""}}, {"model": "accounting_entry.journalvoucher", "pk": 4, "fields": {"user": 1, "company": 1, "counter": 12, "url_hash": "PU-1-P-1-C2-AJ4", "voucher_date": "2019-08-24", "voucher_id": 1, "voucher_type": "Tax_aganist_sales", "dr_ledger": 5, "cr_ledger": 6, "amount": "800.00", "narration": ""}}, {"model": "accounting_entry.journalvoucher", "pk": 5, "fields": {"user": 1, "company": 1, "counter": 5, "url_hash": "PU-1-P-1-C2-AJ1", "voucher_date": "2019-08-19", "voucher_id": 1, "voucher_type": "PaymentVoucher", "dr_ledger": 7, "cr_ledger": 10, "amount": "1000.00", "narration": ""}}, {"model": "accounting_entry.journalvoucher", "pk": 8, "fields": {"user": 1, "company": 1, "counter": 9, "url_hash": "PU-1-P-1-C2-SS2", "voucher_date": "2019-08-24", "voucher_id": 8, "voucher_type": "Sales", "dr_ledger": 5, "cr_ledger": 8, "amount": "20000.00", "narration": ""}}, {"model": "accounting_entry.journalvoucher", "pk": 9, "fields": {"user": 1, "company": 1, "counter": 9, "url_hash": "PU-1-P-1-C2-AJ7", "voucher_date": "2019-08-24", "voucher_id": 1, "voucher_type": "Charges_against_Sales", "dr_ledger": 5, "cr_ledger": 13, "amount": "1000.00", "narration": ""}}, {"model": "accounting_entry.journalvoucher", "pk": 11, "fields": {"user": 1, "company": 1, "counter": 12, "url_hash": "PU-1-P-1-C2-SS4", "voucher_date": "2019-08-24", "voucher_id": 10, "voucher_type": "Sales", "dr_ledger": 5, "cr_ledger": 8, "amount": "19600.00", "narration": ""}}, {"model": "accounting_entry.journalvoucher", "pk": 13, "fields": {"user": 1, "company": 1, "counter": 12, "url_hash": "PU-1-P-1-C2-AJ11", "voucher_date": "2019-08-24", "voucher_id": 4, "voucher_type": "Tax_aganist_sales", "dr_ledger": 5, "cr_ledger": 6, "amount": "3884.00", "narration": ""}}, {"model": "accounting_entry.bankreconciliation", "pk": 1, "fields": {"user": 1, "company": 1, "counter": 1, "url_hash": "PU-1-P-1-C2-AJ1", "voucher_date": "2019-08-19", "voucher_id": 1, "voucher_type": "PaymentVoucher", "dr_ledger": 7, "cr_ledger": 10, "amount": "1000.00", "transaction_type": "Cheque/DD", "instrument_no": "12345", "bank_date": null}}, {"model": "accounting_entry.paymentvoucher", "pk": 1, "fields": {"user": 1, "company": 1, "counter": 1, "url_hash": "PU-1-P-1-C2-AJ1", "voucher_date": "2019-08-19", "account": 10, "total_amt": "1000.00"}}, {"model": "user_profile.profile", "pk": 1, "fields": {"date": "2019-08-19T11:16:04.039Z", "full_name": "Niladry Kar", "user_type": "Others", "user": 1, "email": "niladry.kar85@gmail.com", "permanent_address": "", "city": "", "state": null, "country": null, "phone_no": "", "basic_info": "", "image": "user_images/2017-12-23-21-57-44-327_WKMAll8_1pDQM4s_hDOPYOa_XwEngNU_FakszEj_XCuxehY.jpg", "subscribed_products": [1, 3, 9], "subscribed_role_products": []}}, {"model": "user_profile.profile", "pk": 2, "fields": {"date": "2019-08-21T12:44:37.296Z", "full_name": "", "user_type": "Others", "user": 2, "email": "", "permanent_address": "", "city": "", "state": null, "country": null, "phone_no": "", "basic_info": "", "image": "", "subscribed_products": [], "subscribed_role_products": []}}, {"model": "user_profile.productactivated", "pk": 1, "fields": {"user": 1, "product": 1, "date": "2019-08-19", "is_active": true}}, {"model": "user_profile.productactivated", "pk": 2, "fields": {"user": 1, "product": 3, "date": "2019-08-19", "is_active": true}}, {"model": "user_profile.productactivated", "pk": 3, "fields": {"user": 1, "product": 9, "date": "2019-08-19", "is_active": true}}, {"model": "user_profile.post", "pk": 1, "fields": {"user": 1, "post": "<p>Hi everyone</p>\r\n\r\n<p>&nbsp;</p>", "date": "2019-08-21T07:49:14.838Z", "like": []}}, {"model": "stock_keeping.stockgroup", "pk": 1, "fields": {"user": 1, "company": 1, "counter": 1, "url_hash": "PU-1-P-1-C2-SSG1", "group_name": "Primary", "self_group": null, "set_or_alter_gst": "No", "hsn": null, "is_non_gst": "No", "taxability": "Unknown", "reverse_charge": "No", "input_credit": "No", "integrated_tax": "0.00", "central_tax": "0.00", "state_tax": "0.00", "cess": "0.00"}}, {"model": "stock_keeping.stockgroup", "pk": 2, "fields": {"user": 1, "company": 1, "counter": 2, "url_hash": "PU-1-P-1-C2-SSG2", "group_name": "Mobile", "self_group": 1, "set_or_alter_gst": "Yes", "hsn": "8949", "is_non_gst": "No", "taxability": "Taxable", "reverse_charge": "No", "input_credit": "No", "integrated_tax": "12.00", "central_tax": "6.00", "state_tax": "6.00", "cess": "0.00"}}, {"model": "stock_keeping.stockgroup", "pk": 3, "fields": {"user": 1, "company": 2, "counter": 1, "url_hash": "PU-1-P-1-C3-SSG1", "group_name": "Primary", "self_group": null, "set_or_alter_gst": "No", "hsn": null, "is_non_gst": "No", "taxability": "Unknown", "reverse_charge": "No", "input_credit": "No", "integrated_tax": "0.00", "central_tax": "0.00", "state_tax": "0.00", "cess": "0.00"}}, {"model": "stock_keeping.simpleunit", "pk": 1, "fields": {"user": 1, "company": 1, "counter": 1, "url_hash": "PU-1-P-1-C2-SSU1", "symbol": "pcs", "formal": "Pieces", "uqc": 28}}, {"model": "stock_keeping.stockitem", "pk": 1, "fields": {"user": 1, "company": 1, "counter": 1, "url_hash": "PU-1-P-1-C2-SSD1", "quantity": "20.000", "rate": "4500.00", "opening": "90000.00", "stock_name": "Samsung J7 Due Pro", "batch_no": 15411, "barcode_image": "", "barcode_text": "", "mfd_date": null, "exp_date": null, "stock_group": 2, "simple_unit": 1, "compound_unit": null, "is_gst": "No", "set_or_alter_gst": "No", "hsn": "8949", "is_non_gst": "No", "taxability": "Taxable", "reverse_charge": "No", "input_credit": "No", "integrated_tax": "12.00", "central_tax": "6.00", "state_tax": "6.00", "cess": "0.00"}}, {"model": "stock_keeping.stockitem", "pk": 2, "fields": {"user": 1, "company": 1, "counter": 2, "url_hash": "PU-1-P-1-C2-SSD2", "quantity": "20.000", "rate": "9000.00", "opening": "180000.00", "stock_name": "Lenovo Mobile  J5", "batch_no": null, "barcode_image": "", "barcode_text": "", "mfd_date": null, "exp_date": null, "stock_group": 2, "simple_unit": 1, "compound_unit": null, "is_gst": "No", "set_or_alter_gst": "No", "hsn": "8949", "is_non_gst": "No", "taxability": "Taxable", "reverse_charge": "No", "input_credit": "No", "integrated_tax": "12.00", "central_tax": "6.00", "state_tax": "6.00", "cess": "0.00"}}, {"model": "stock_keeping.stockbalance", "pk": 1, "fields": {"user": 1, "company": 1, "date": "2019-08-19", "stock_item": 1, "opening_stock": "0.00", "closing_quantity": "0.000", "closing_stock": null}}, {"model": "stock_keeping.stockbalance", "pk": 2, "fields": {"user": 1, "company": 1, "date": "2019-08-19", "stock_item": 2, "opening_stock": "0.00", "closing_quantity": "0.000", "closing_stock": null}}, {"model": "stock_keeping.salevoucher", "pk": 1, "fields": {"user": 1, "company": 1, "counter": 1, "url_hash": "PU-1-P-1-C2-SS1", "ref_no": "AEC/01/2019-20", "party_ac": 5, "doc_ledger": 8, "consignee_name": "Customer", "consignee_address": "", "consignee_gstin": "", "consignee_pan": "", "consignee_contact": "", "voucher_date": "2019-08-19", "supply_place": 37, "consignee_state": null, "consignee_country": 12, "other_details": null, "nature_transactions_sales": "Interstate Sales - Taxable", "despatch_no": "", "despatch_info": "", "destination": "", "landing_bill": "", "landing_date": "2019-08-19", "vechicle_no": "", "supplier_ref": "", "sub_total": "156800.00", "cgst_total": "0.00", "sgst_total": "0.00", "igst_total": "29792.00", "cess_total": "0.00", "tax_total": "0.00", "total": "186592.00", "gst_details": "No", "bill_no": "", "bill_date": "2019-08-19", "port_code": "", "delivery_terms": "", "shipper_place": "", "flight_no": "", "loading_port": "", "discharge_port": "", "supply_country": 12}}, {"model": "stock_keeping.salevoucher", "pk": 8, "fields": {"user": 1, "company": 1, "counter": 2, "url_hash": "PU-1-P-1-C2-SS2", "ref_no": "PS/01/2019-20", "party_ac": 5, "doc_ledger": 8, "consignee_name": "Customer", "consignee_address": "", "consignee_gstin": "", "consignee_pan": "", "consignee_contact": "", "voucher_date": "2019-08-24", "supply_place": 33, "consignee_state": null, "consignee_country": 12, "other_details": null, "nature_transactions_sales": "Interstate Sales - Taxable", "despatch_no": "", "despatch_info": "", "destination": "", "landing_bill": "", "landing_date": "2019-08-24", "vechicle_no": "", "supplier_ref": "", "sub_total": "20000.00", "cgst_total": "0.00", "sgst_total": "0.00", "igst_total": "3960.00", "cess_total": "0.00", "tax_total": "0.00", "total": "24960.00", "gst_details": "No", "bill_no": "", "bill_date": "2019-08-24", "port_code": "", "delivery_terms": "", "shipper_place": "", "flight_no": "", "loading_port": "", "discharge_port": "", "supply_country": 12}}, {"model": "stock_keeping.salevoucher", "pk": 9, "fields": {"user": 1, "company": 1, "counter": 3, "url_hash": "PU-1-P-1-C2-SS3", "ref_no": "PS/01/2019-20", "party_ac": 5, "doc_ledger": null, "consignee_name": "Customer", "consignee_address": "", "consignee_gstin": "", "consignee_pan": "", "consignee_contact": "", "voucher_date": "2019-08-24", "supply_place": 37, "consignee_state": null, "consignee_country": 12, "other_details": null, "nature_transactions_sales": "Not Applicable", "despatch_no": "", "despatch_info": "", "destination": "", "landing_bill": "", "landing_date": "2019-08-24", "vechicle_no": "", "supplier_ref": "", "sub_total": "0.00", "cgst_total": "0.00", "sgst_total": "0.00", "igst_total": "0.00", "cess_total": "0.00", "tax_total": "0.00", "total": "0.00", "gst_details": "No", "bill_no": "", "bill_date": "2019-08-24", "port_code": "", "delivery_terms": "", "shipper_place": "", "flight_no": "", "loading_port": "", "discharge_port": "", "supply_country": 12}}, {"model": "stock_keeping.salevoucher", "pk": 10, "fields": {"user": 1, "company": 1, "counter": 4, "url_hash": "PU-1-P-1-C2-SS4", "ref_no": "AEC/01/2019-20", "party_ac": 5, "doc_ledger": 8, "consignee_name": "Customer", "consignee_address": "", "consignee_gstin": "", "consignee_pan": "", "consignee_contact": "", "voucher_date": "2019-08-24", "supply_place": 36, "consignee_state": null, "consignee_country": 12, "other_details": null, "nature_transactions_sales": "Interstate Sales - Taxable", "despatch_no": "", "despatch_info": "", "destination": "", "landing_bill": "", "landing_date": "2019-08-24", "vechicle_no": "", "supplier_ref": "", "sub_total": "19600.00", "cgst_total": "0.00", "sgst_total": "0.00", "igst_total": "3884.00", "cess_total": "0.00", "tax_total": "0.00", "total": "24484.00", "gst_details": "No", "bill_no": "", "bill_date": "2019-08-24", "port_code": "", "delivery_terms": "", "shipper_place": "", "flight_no": "", "loading_port": "", "discharge_port": "", "supply_country": 12}}, {"model": "stock_keeping.purchasevoucher", "pk": 1, "fields": {"user": 1, "company": 1, "counter": 1, "url_hash": "PU-1-P-1-C2-PV1", "voucher_date": "2019-08-19", "ref_no": "PS/01/2019-20", "party_ac": 7, "doc_ledger": 9, "consignee_name": "Customer", "consignee_address": "", "consignee_gstin": "", "consignee_pan": "", "consignee_contact": "", "consignee_state": null, "consignee_country": 12, "supply_state": 3, "supply_country": 12, "other_details": "", "nature_transactions_purchase": "Interstate Purchase - Taxable", "receipt_no": "", "despatch_info": "", "destination": "", "delivery_terms": "", "delivery_note": "", "supplier_ref": "", "sub_total": "523800.00", "cgst_total": "0.00", "sgst_total": "0.00", "igst_total": "78570.00", "cess_total": "0.00", "tax_total": "0.00", "total": "602370.00", "gst_details": "No", "bill_no": "", "bill_date": "2019-08-19", "port_code": "", "shipper_place": "", "flight_no": "", "loading_port": "", "discharge_port": "", "to_country": 12}}, {"model": "income_tax_compute.incometax", "pk": 1, "fields": {"user": 1, "company": 1, "assesment_year": "2019-2020", "salary": "0.00", "salary_allowence": "0.00", "salary_taxable_perqisite": "0.00", "salary_gross": "0.00", "salary_deduction_us16": "0.00", "salary_prof_tax": "0.00", "salary_entmnt_allowance": "0.00", "salary_total": "0.00", "house_property_net_adjusted": "0.00", "house_property_deduction_us24": "0.00", "house_property_total": "0.00", "profit_gain_net_profit": "0.00", "profit_gain_income_not_allowable": "0.00", "profit_gain_expense_not_allowable": "0.00", "profit_gain_income_exempt": "0.00", "profit_gain_income_skiped": "0.00", "profit_gain_total": "0.00", "capital_gain_net": "0.00", "capital_gain_exempt": "0.00", "capital_gain_total": "0.00", "other_income_gross": "0.00", "other_income_deduction_us57": "0.00", "other_income_total": "0.00", "total_income_1_2_3_4_5": "0.00", "adjustment_setoff_loss": "0.00", "gross_total_income": "0.00", "deduction_80c_80u": "0.00", "net_income": "0.00", "tax_on_net_income": "0.00", "rebate": "0.00", "balance": "0.00", "surcharge": "0.00", "tax_and_surcharge": "0.00", "education_cess": "0.00", "tds": "0.00", "advance_tax": "0.00", "self_assessment_tax": "0.00", "prepaid_taxes": "0.00", "tax_liability_refund": "0.00"}}, {"model": "income_tax_compute.incometax", "pk": 2, "fields": {"user": 1, "company": 1, "assesment_year": "2017-2018", "salary": "0.00", "salary_allowence": "0.00", "salary_taxable_perqisite": "0.00", "salary_gross": "0.00", "salary_deduction_us16": "0.00", "salary_prof_tax": "0.00", "salary_entmnt_allowance": "0.00", "salary_total": "0.00", "house_property_net_adjusted": "0.00", "house_property_deduction_us24": "0.00", "house_property_total": "0.00", "profit_gain_net_profit": "0.00", "profit_gain_income_not_allowable": "0.00", "profit_gain_expense_not_allowable": "0.00", "profit_gain_income_exempt": "0.00", "profit_gain_income_skiped": "0.00", "profit_gain_total": "0.00", "capital_gain_net": "0.00", "capital_gain_exempt": "0.00", "capital_gain_total": "0.00", "other_income_gross": "0.00", "other_income_deduction_us57": "0.00", "other_income_total": "0.00", "total_income_1_2_3_4_5": "0.00", "adjustment_setoff_loss": "0.00", "gross_total_income": "0.00", "deduction_80c_80u": "0.00", "net_income": "0.00", "tax_on_net_income": "0.00", "rebate": "0.00", "balance": "0.00", "surcharge": "0.00", "tax_and_surcharge": "0.00", "education_cess": "0.00", "tds": "0.00", "advance_tax": "0.00", "self_assessment_tax": "0.00", "prepaid_taxes": "0.00", "tax_liability_refund": "0.00"}}, {"model": "job.job", "pk": 1, "fields": {"user": 1, "organisation": 1, "image": "", "job_title": "Python Developer", "location": "Hill Cart Road Siliguri", "job_function": "Full time", "employment_type": "Full-time", "company_industry": "Bracketline Pvt Ltd", "seniority": "Entry level", "job_desc": "", "skills": "", "date": "2019-08-21T07:32:30.794Z"}}, {"model": "job.resume", "pk": 3, "fields": {"user": 1, "image": "cv_pic/2017-12-23-21-57-44-327_WKMAll8_1pDQM4s_hDOPYOa_ivvrDtJ_gFqylHm_pI4Tm4T.jpg", "first_name": "Niladry", "last_name": "Kar", "state": 37, "email": "niladry.kar85@gmail.com", "mobile_no": "7602053988", "degree": "B Tech", "college": "Aryabhatta Institute of Engineering", "marks": null, "field_of_study": "Electrical", "city": "Durgapur", "time_period_from": "2012-06-04", "time_period_to": "2016-06-04", "working_experince": false, "job_title": "Python Developer", "company": "Bracketline Pvt Ltd", "company_city": "Siliguri", "experience_from": "2018-02-06", "experience_to": null, "desc": "", "desired_job_title": "Python Developer", "desired_job_type": "Full-time", "desired_salary": 50000, "date": "2019-08-21T07:14:16.131Z"}}, {"model": "accounts_mode_voucher.salevoucheraccounts", "pk": 2, "fields": {"user": 1, "company": 1, "counter": 1, "url_hash": "PU-1-P-1-C2-SS1", "ref_no": "PS/01/2019-20", "party_ac": 5, "consignee_name": "Customer", "consignee_address": "", "consignee_gstin": "", "consignee_pan": "", "consignee_contact": "", "voucher_date": "2019-08-24", "supply_place": 34, "consignee_state": null, "consignee_country": 12, "other_details": null, "nature_transactions_sales": "Interstate Sales - Taxable", "despatch_no": "", "despatch_info": "", "destination": "", "landing_bill": "", "landing_date": "2019-08-24", "vechicle_no": "", "supplier_ref": "", "sub_total": "5000.00", "cgst_total": "0.00", "sgst_total": "0.00", "igst_total": "800.00", "cess_total": "0.00", "tax_total": "0.00", "total": "5800.00", "gst_details": "No", "bill_no": "", "bill_date": "2019-08-24", "port_code": "", "delivery_terms": "", "shipper_place": "", "flight_no": "", "loading_port": "", "discharge_port": "", "supply_country": 12}}, {"model": "admin.logentry", "pk": 1, "fields": {"action_time": "2019-08-21T07:15:09.712Z", "user": 1, "content_type": 108, "object_id": "3", "object_repr": "Niladry", "action_flag": 2, "change_message": "[{\"changed\": {\"fields\": [\"user\"]}}]"}}, {"model": "admin.logentry", "pk": 2, "fields": {"action_time": "2019-08-21T07:15:16.616Z", "user": 1, "content_type": 108, "object_id": "2", "object_repr": "Niladry", "action_flag": 3, "change_message": ""}}, {"model": "admin.logentry", "pk": 3, "fields": {"action_time": "2019-08-21T07:15:21.330Z", "user": 1, "content_type": 108, "object_id": "1", "object_repr": "Niladry", "action_flag": 3, "change_message": ""}}, {"model": "admin.logentry", "pk": 4, "fields": {"action_time": "2019-08-21T13:20:59.716Z", "user": 1, "content_type": 106, "object_id": "1", "object_repr": "Mira Tyres", "action_flag": 3, "change_message": ""}}, {"model": "admin.logentry", "pk": 5, "fields": {"action_time": "2019-08-22T11:48:46.895Z", "user": 1, "content_type": 32, "object_id": "14", "object_repr": "Transportation Charges", "action_flag": 2, "change_message": "[{\"changed\": {\"fields\": [\"taxability\"]}}]"}}, {"model": "social_django.usersocialauth", "pk": 1, "fields": {"user": 2, "provider": "google-oauth2", "uid": "niladry.kar85@gmail.com", "extra_data": "{\"auth_time\": 1566391477, \"expires\": 3600, \"token_type\": \"Bearer\", \"access_token\": \"ya29.GltrB2rJwDpc6ZiSYxljNz9PgrNR4UzbihcPWlvgaOOQ3xO62DxXBr7aMO1VbhTexHhc6GHL4HPicicd-S8Tc-RszqVA4ht804aCuVzV-tAvHS2tKDeuqacDZSd6\"}"}}]